folder_frame,label,nama_video
frames/train\Fight\-1l5631l3fg_0,Fight,-1l5631l3fg_0
frames/train\Fight\-1l5631l3fg_1,Fight,-1l5631l3fg_1
frames/train\Fight\-1l5631l3fg_2,Fight,-1l5631l3fg_2
frames/train\Fight\0H2s9UJcNJ0_0,Fight,0H2s9UJcNJ0_0
frames/train\Fight\0H2s9UJcNJ0_2,Fight,0H2s9UJcNJ0_2
frames/train\Fight\0H2s9UJcNJ0_3,Fight,0H2s9UJcNJ0_3
frames/train\Fight\0H2s9UJcNJ0_4,Fight,0H2s9UJcNJ0_4
frames/train\Fight\0H2s9UJcNJ0_5,Fight,0H2s9UJcNJ0_5
frames/train\Fight\0lHQ2f0d_0,Fight,0lHQ2f0d_0
frames/train\Fight\0lHQ2f0d_1,Fight,0lHQ2f0d_1
frames/train\Fight\0lHQ2f0d_2,Fight,0lHQ2f0d_2
frames/train\Fight\0lHQ2f0d_3,Fight,0lHQ2f0d_3
frames/train\Fight\0NWz-01A2yk_0,Fight,0NWz-01A2yk_0
frames/train\Fight\0NWz-01A2yk_1,Fight,0NWz-01A2yk_1
frames/train\Fight\0TFi8D8IBg4_1,Fight,0TFi8D8IBg4_1
frames/train\Fight\0vasozvJYvk_0,Fight,0vasozvJYvk_0
frames/train\Fight\0_DzLlklZa0_3,Fight,0_DzLlklZa0_3
frames/train\Fight\0_DzLlklZa0_4,Fight,0_DzLlklZa0_4
frames/train\Fight\0_DzLlklZa0_5,Fight,0_DzLlklZa0_5
frames/train\Fight\0_DzLlklZa0_6,Fight,0_DzLlklZa0_6
frames/train\Fight\1060314╤äΓòò╨╜╤à╨│╨▓╤à╨┤╨╣╤å╨⌐╨»╤ë╨û╨╗╤ë╨⌐╨▓╤å╨É╨╡╤ê╨╕Γòæ╤à╨╛╨┤╤å╨¬Γöñ╤à╨Ü╨½╤äΓòæ╨¢╤äΓòùΓòó╤ÅΓò¥╨ÿ╤à╨¥╨«╤ë╨ù╨í╤àΓöéΓûæ╤ÅΓò¥╨Ö_17,Fight,1060314╤äΓòò╨╜╤à╨│╨▓╤à╨┤╨╣╤å╨⌐╨»╤ë╨û╨╗╤ë╨⌐╨▓╤å╨É╨╡╤ê╨╕Γòæ╤à╨╛╨┤╤å╨¬Γöñ╤à╨Ü╨½╤äΓòæ╨¢╤äΓòùΓòó╤ÅΓò¥╨ÿ╤à╨¥╨«╤ë╨ù╨í╤àΓöéΓûæ╤ÅΓò¥╨Ö_17
frames/train\Fight\1dsLuL5Lvbc_0,Fight,1dsLuL5Lvbc_0
frames/train\Fight\1dsLuL5Lvbc_1,Fight,1dsLuL5Lvbc_1
frames/train\Fight\1dsLuL5Lvbc_2,Fight,1dsLuL5Lvbc_2
frames/train\Fight\1dsLuL5Lvbc_3,Fight,1dsLuL5Lvbc_3
frames/train\Fight\1DwRGRND_0,Fight,1DwRGRND_0
frames/train\Fight\1DwRGRND_1,Fight,1DwRGRND_1
frames/train\Fight\1O4KGHbRt3M_0,Fight,1O4KGHbRt3M_0
frames/train\Fight\1O4KGHbRt3M_1,Fight,1O4KGHbRt3M_1
frames/train\Fight\1O4KGHbRt3M_2,Fight,1O4KGHbRt3M_2
frames/train\Fight\1O4KGHbRt3M_3,Fight,1O4KGHbRt3M_3
frames/train\Fight\1O4KGHbRt3M_4,Fight,1O4KGHbRt3M_4
frames/train\Fight\1r0Wz04q_0,Fight,1r0Wz04q_0
frames/train\Fight\1tU4kxa51vw_1,Fight,1tU4kxa51vw_1
frames/train\Fight\1XFiS6Lt_0,Fight,1XFiS6Lt_0
frames/train\Fight\1XFiS6Lt_1,Fight,1XFiS6Lt_1
frames/train\Fight\20130506 05_58 ╤ê╨º╨¡╤äΓòæΓòæ ╤ëΓòù╨í╤å╨«╨¡_37,Fight,20130506 05_58 ╤ê╨º╨¡╤äΓòæΓòæ ╤ëΓòù╨í╤å╨«╨¡_37
frames/train\Fight\24E0xYYUz44_0,Fight,24E0xYYUz44_0
frames/train\Fight\24E0xYYUz44_1,Fight,24E0xYYUz44_1
frames/train\Fight\24E0xYYUz44_2,Fight,24E0xYYUz44_2
frames/train\Fight\24E0xYYUz44_3,Fight,24E0xYYUz44_3
frames/train\Fight\24E0xYYUz44_4,Fight,24E0xYYUz44_4
frames/train\Fight\24E0xYYUz44_5,Fight,24E0xYYUz44_5
frames/train\Fight\24E0xYYUz44_6,Fight,24E0xYYUz44_6
frames/train\Fight\24E0xYYUz44_7,Fight,24E0xYYUz44_7
frames/train\Fight\2hQMRq06NJs_0,Fight,2hQMRq06NJs_0
frames/train\Fight\2sy_eLpH-PI_0,Fight,2sy_eLpH-PI_0
frames/train\Fight\2sy_eLpH-PI_1,Fight,2sy_eLpH-PI_1
frames/train\Fight\3CQi0ZCCHvc_0,Fight,3CQi0ZCCHvc_0
frames/train\Fight\3CQi0ZCCHvc_1,Fight,3CQi0ZCCHvc_1
frames/train\Fight\3CQi0ZCCHvc_2,Fight,3CQi0ZCCHvc_2
frames/train\Fight\3kpviz7lAMY_0,Fight,3kpviz7lAMY_0
frames/train\Fight\3kpviz7lAMY_1,Fight,3kpviz7lAMY_1
frames/train\Fight\3kpviz7lAMY_2,Fight,3kpviz7lAMY_2
frames/train\Fight\3kpviz7lAMY_3,Fight,3kpviz7lAMY_3
frames/train\Fight\3kpviz7lAMY_4,Fight,3kpviz7lAMY_4
frames/train\Fight\3OKArbzg1uc_0,Fight,3OKArbzg1uc_0
frames/train\Fight\3OKArbzg1uc_1,Fight,3OKArbzg1uc_1
frames/train\Fight\3OKArbzg1uc_2,Fight,3OKArbzg1uc_2
frames/train\Fight\3OKArbzg1uc_3,Fight,3OKArbzg1uc_3
frames/train\Fight\3OKArbzg1uc_4,Fight,3OKArbzg1uc_4
frames/train\Fight\3SS0E4SmTk8_0,Fight,3SS0E4SmTk8_0
frames/train\Fight\3SS0E4SmTk8_1,Fight,3SS0E4SmTk8_1
frames/train\Fight\3Vw7MoNBgx4_0,Fight,3Vw7MoNBgx4_0
frames/train\Fight\4HH7yMU8y9A_0,Fight,4HH7yMU8y9A_0
frames/train\Fight\4HH7yMU8y9A_1,Fight,4HH7yMU8y9A_1
frames/train\Fight\4RqDG4I4iAk_0,Fight,4RqDG4I4iAk_0
frames/train\Fight\4RqDG4I4iAk_1,Fight,4RqDG4I4iAk_1
frames/train\Fight\4RqDG4I4iAk_2,Fight,4RqDG4I4iAk_2
frames/train\Fight\4RqDG4I4iAk_3,Fight,4RqDG4I4iAk_3
frames/train\Fight\4RqDG4I4iAk_4,Fight,4RqDG4I4iAk_4
frames/train\Fight\4RqDG4I4iAk_5,Fight,4RqDG4I4iAk_5
frames/train\Fight\4RqDG4I4iAk_6,Fight,4RqDG4I4iAk_6
frames/train\Fight\4RqDG4I4iAk_7,Fight,4RqDG4I4iAk_7
frames/train\Fight\4RqDG4I4iAk_8,Fight,4RqDG4I4iAk_8
frames/train\Fight\4yTlGiDoxBo_0,Fight,4yTlGiDoxBo_0
frames/train\Fight\4yTlGiDoxBo_1,Fight,4yTlGiDoxBo_1
frames/train\Fight\4yTlGiDoxBo_2,Fight,4yTlGiDoxBo_2
frames/train\Fight\4yTlGiDoxBo_3,Fight,4yTlGiDoxBo_3
frames/train\Fight\4yTlGiDoxBo_4,Fight,4yTlGiDoxBo_4
frames/train\Fight\4yTlGiDoxBo_5,Fight,4yTlGiDoxBo_5
frames/train\Fight\4yzwSsis_0,Fight,4yzwSsis_0
frames/train\Fight\5QqDgtwEQsI_0,Fight,5QqDgtwEQsI_0
frames/train\Fight\6Dej3-k3MRE_0,Fight,6Dej3-k3MRE_0
frames/train\Fight\6Dej3-k3MRE_1,Fight,6Dej3-k3MRE_1
frames/train\Fight\6Dej3-k3MRE_2,Fight,6Dej3-k3MRE_2
frames/train\Fight\6Dej3-k3MRE_3,Fight,6Dej3-k3MRE_3
frames/train\Fight\6Dej3-k3MRE_4,Fight,6Dej3-k3MRE_4
frames/train\Fight\6Dej3-k3MRE_5,Fight,6Dej3-k3MRE_5
frames/train\Fight\6mrIIcAQ2fI_0,Fight,6mrIIcAQ2fI_0
frames/train\Fight\6mrIIcAQ2fI_2,Fight,6mrIIcAQ2fI_2
frames/train\Fight\6mrIIcAQ2fI_3,Fight,6mrIIcAQ2fI_3
frames/train\Fight\6TDF_12,Fight,6TDF_12
frames/train\Fight\6TDF_13,Fight,6TDF_13
frames/train\Fight\6TDF_14,Fight,6TDF_14
frames/train\Fight\6TDF_15,Fight,6TDF_15
frames/train\Fight\6TDF_27,Fight,6TDF_27
frames/train\Fight\7LnoFKSl2rs_0,Fight,7LnoFKSl2rs_0
frames/train\Fight\7qtRgyFsk3s_0,Fight,7qtRgyFsk3s_0
frames/train\Fight\7qtRgyFsk3s_1,Fight,7qtRgyFsk3s_1
frames/train\Fight\7R1m3V8C30g_0,Fight,7R1m3V8C30g_0
frames/train\Fight\7R1m3V8C30g_1,Fight,7R1m3V8C30g_1
frames/train\Fight\7R1m3V8C30g_2,Fight,7R1m3V8C30g_2
frames/train\Fight\7Xe6eysGKeU_0,Fight,7Xe6eysGKeU_0
frames/train\Fight\88ndrvAZpE8_0,Fight,88ndrvAZpE8_0
frames/train\Fight\88ndrvAZpE8_1,Fight,88ndrvAZpE8_1
frames/train\Fight\89UQqPuR4Q4_0,Fight,89UQqPuR4Q4_0
frames/train\Fight\8bEO4LGr_0,Fight,8bEO4LGr_0
frames/train\Fight\8mxsp2RTU6M_0,Fight,8mxsp2RTU6M_0
frames/train\Fight\8pKKdS7rhXo_0,Fight,8pKKdS7rhXo_0
frames/train\Fight\8pKKdS7rhXo_1,Fight,8pKKdS7rhXo_1
frames/train\Fight\8pKKdS7rhXo_2,Fight,8pKKdS7rhXo_2
frames/train\Fight\8SWZq5we_fk_0,Fight,8SWZq5we_fk_0
frames/train\Fight\8SWZq5we_fk_1,Fight,8SWZq5we_fk_1
frames/train\Fight\8VqTmuq4HcI_0,Fight,8VqTmuq4HcI_0
frames/train\Fight\91TniI0y_0,Fight,91TniI0y_0
frames/train\Fight\9ErNHIovPDI_0,Fight,9ErNHIovPDI_0
frames/train\Fight\9U8J4abJGDg_0,Fight,9U8J4abJGDg_0
frames/train\Fight\a2qLzOu_n0s_0,Fight,a2qLzOu_n0s_0
frames/train\Fight\a2qLzOu_n0s_1,Fight,a2qLzOu_n0s_1
frames/train\Fight\a2qLzOu_n0s_2,Fight,a2qLzOu_n0s_2
frames/train\Fight\a2qLzOu_n0s_3,Fight,a2qLzOu_n0s_3
frames/train\Fight\a2qLzOu_n0s_4,Fight,a2qLzOu_n0s_4
frames/train\Fight\a7D2i0HTXGM_0,Fight,a7D2i0HTXGM_0
frames/train\Fight\a7D2i0HTXGM_1,Fight,a7D2i0HTXGM_1
frames/train\Fight\a7D2i0HTXGM_2,Fight,a7D2i0HTXGM_2
frames/train\Fight\a7gBQaAFEtw_2,Fight,a7gBQaAFEtw_2
frames/train\Fight\a7gBQaAFEtw_4,Fight,a7gBQaAFEtw_4
frames/train\Fight\adg5WJ6y_1,Fight,adg5WJ6y_1
frames/train\Fight\aIg9Yb0O7Hg_0,Fight,aIg9Yb0O7Hg_0
frames/train\Fight\aIg9Yb0O7Hg_1,Fight,aIg9Yb0O7Hg_1
frames/train\Fight\aIg9Yb0O7Hg_2,Fight,aIg9Yb0O7Hg_2
frames/train\Fight\aIg9Yb0O7Hg_3,Fight,aIg9Yb0O7Hg_3
frames/train\Fight\aIg9Yb0O7Hg_4,Fight,aIg9Yb0O7Hg_4
frames/train\Fight\aIg9Yb0O7Hg_5,Fight,aIg9Yb0O7Hg_5
frames/train\Fight\aKgSasWRJ2s_0,Fight,aKgSasWRJ2s_0
frames/train\Fight\aKgSasWRJ2s_1,Fight,aKgSasWRJ2s_1
frames/train\Fight\aKgSasWRJ2s_2,Fight,aKgSasWRJ2s_2
frames/train\Fight\aKgSasWRJ2s_3,Fight,aKgSasWRJ2s_3
frames/train\Fight\aKK0B4kpKZA_0,Fight,aKK0B4kpKZA_0
frames/train\Fight\aKK0B4kpKZA_1,Fight,aKK0B4kpKZA_1
frames/train\Fight\AkTZX27QhjE_1,Fight,AkTZX27QhjE_1
frames/train\Fight\AkTZX27QhjE_2,Fight,AkTZX27QhjE_2
frames/train\Fight\AkTZX27QhjE_3,Fight,AkTZX27QhjE_3
frames/train\Fight\AkTZX27QhjE_4,Fight,AkTZX27QhjE_4
frames/train\Fight\Am9mUxPTvK4_0,Fight,Am9mUxPTvK4_0
frames/train\Fight\Am9mUxPTvK4_1,Fight,Am9mUxPTvK4_1
frames/train\Fight\API3q8TBGu4_0,Fight,API3q8TBGu4_0
frames/train\Fight\ar5ns2zW4lY_0,Fight,ar5ns2zW4lY_0
frames/train\Fight\ar5ns2zW4lY_1,Fight,ar5ns2zW4lY_1
frames/train\Fight\as4zD6d86q0_0,Fight,as4zD6d86q0_0
frames/train\Fight\as4zD6d86q0_1,Fight,as4zD6d86q0_1
frames/train\Fight\as4zD6d86q0_2,Fight,as4zD6d86q0_2
frames/train\Fight\asdasda_107,Fight,asdasda_107
frames/train\Fight\asdasda_108,Fight,asdasda_108
frames/train\Fight\asdasda_109,Fight,asdasda_109
frames/train\Fight\asdasda_110,Fight,asdasda_110
frames/train\Fight\asdasda_111,Fight,asdasda_111
frames/train\Fight\asdasda_112,Fight,asdasda_112
frames/train\Fight\asdasda_113,Fight,asdasda_113
frames/train\Fight\AsGAgf8U2rk_0,Fight,AsGAgf8U2rk_0
frames/train\Fight\b6XfVAZC9Zs_0,Fight,b6XfVAZC9Zs_0
frames/train\Fight\b6XfVAZC9Zs_1,Fight,b6XfVAZC9Zs_1
frames/train\Fight\b6XfVAZC9Zs_2,Fight,b6XfVAZC9Zs_2
frames/train\Fight\b6XfVAZC9Zs_3,Fight,b6XfVAZC9Zs_3
frames/train\Fight\b6XfVAZC9Zs_4,Fight,b6XfVAZC9Zs_4
frames/train\Fight\b6XfVAZC9Zs_6,Fight,b6XfVAZC9Zs_6
frames/train\Fight\b6XfVAZC9Zs_7,Fight,b6XfVAZC9Zs_7
frames/train\Fight\BCVBVC_263,Fight,BCVBVC_263
frames/train\Fight\BCVBVC_264,Fight,BCVBVC_264
frames/train\Fight\bd48s5BpoGY_0,Fight,bd48s5BpoGY_0
frames/train\Fight\bdZ7ubago6I_0,Fight,bdZ7ubago6I_0
frames/train\Fight\bdZ7ubago6I_1,Fight,bdZ7ubago6I_1
frames/train\Fight\BpargJW29Wo_0,Fight,BpargJW29Wo_0
frames/train\Fight\BpargJW29Wo_1,Fight,BpargJW29Wo_1
frames/train\Fight\BpargJW29Wo_2,Fight,BpargJW29Wo_2
frames/train\Fight\BpargJW29Wo_3,Fight,BpargJW29Wo_3
frames/train\Fight\BpargJW29Wo_4,Fight,BpargJW29Wo_4
frames/train\Fight\bqZo64e6_0,Fight,bqZo64e6_0
frames/train\Fight\bqZo64e6_1,Fight,bqZo64e6_1
frames/train\Fight\bqZo64e6_2,Fight,bqZo64e6_2
frames/train\Fight\bzw-HKuuQbg_0,Fight,bzw-HKuuQbg_0
frames/train\Fight\bzw-HKuuQbg_1,Fight,bzw-HKuuQbg_1
frames/train\Fight\bzw-HKuuQbg_2,Fight,bzw-HKuuQbg_2
frames/train\Fight\bzw-HKuuQbg_3,Fight,bzw-HKuuQbg_3
frames/train\Fight\bzw-HKuuQbg_4,Fight,bzw-HKuuQbg_4
frames/train\Fight\bzw-HKuuQbg_5,Fight,bzw-HKuuQbg_5
frames/train\Fight\bzw-HKuuQbg_6,Fight,bzw-HKuuQbg_6
frames/train\Fight\C4SQF-UZzkA_2,Fight,C4SQF-UZzkA_2
frames/train\Fight\C8wt47cphU8_0,Fight,C8wt47cphU8_0
frames/train\Fight\C8wt47cphU8_1,Fight,C8wt47cphU8_1
frames/train\Fight\cAp5A44HRS8_0,Fight,cAp5A44HRS8_0
frames/train\Fight\cAp5A44HRS8_1,Fight,cAp5A44HRS8_1
frames/train\Fight\CBfRtxkO1bE_0,Fight,CBfRtxkO1bE_0
frames/train\Fight\CBfRtxkO1bE_1,Fight,CBfRtxkO1bE_1
frames/train\Fight\CBfRtxkO1bE_2,Fight,CBfRtxkO1bE_2
frames/train\Fight\CBfRtxkO1bE_3,Fight,CBfRtxkO1bE_3
frames/train\Fight\cBNVcBk3rjg_0,Fight,cBNVcBk3rjg_0
frames/train\Fight\cBNVcBk3rjg_1,Fight,cBNVcBk3rjg_1
frames/train\Fight\cBNVcBk3rjg_2,Fight,cBNVcBk3rjg_2
frames/train\Fight\cBNVcBk3rjg_3,Fight,cBNVcBk3rjg_3
frames/train\Fight\cBNVcBk3rjg_4,Fight,cBNVcBk3rjg_4
frames/train\Fight\Cce4ogHp_0,Fight,Cce4ogHp_0
frames/train\Fight\Cce4ogHp_1,Fight,Cce4ogHp_1
frames/train\Fight\cJvLTWGs-SE_0,Fight,cJvLTWGs-SE_0
frames/train\Fight\cJvLTWGs-SE_1,Fight,cJvLTWGs-SE_1
frames/train\Fight\CqJB8ZWLZ-o_0,Fight,CqJB8ZWLZ-o_0
frames/train\Fight\CqJB8ZWLZ-o_1,Fight,CqJB8ZWLZ-o_1
frames/train\Fight\cWJ92fkhME4_0,Fight,cWJ92fkhME4_0
frames/train\Fight\cy1gi3ZJb_c_1,Fight,cy1gi3ZJb_c_1
frames/train\Fight\cy1gi3ZJb_c_2,Fight,cy1gi3ZJb_c_2
frames/train\Fight\cy1gi3ZJb_c_3,Fight,cy1gi3ZJb_c_3
frames/train\Fight\cy1gi3ZJb_c_4,Fight,cy1gi3ZJb_c_4
frames/train\Fight\cy1gi3ZJb_c_5,Fight,cy1gi3ZJb_c_5
frames/train\Fight\cy1gi3ZJb_c_6,Fight,cy1gi3ZJb_c_6
frames/train\Fight\dBkszzm-7mw_0,Fight,dBkszzm-7mw_0
frames/train\Fight\DC10fyQgNqo_0,Fight,DC10fyQgNqo_0
frames/train\Fight\DC10fyQgNqo_1,Fight,DC10fyQgNqo_1
frames/train\Fight\DC10fyQgNqo_2,Fight,DC10fyQgNqo_2
frames/train\Fight\DC10fyQgNqo_3,Fight,DC10fyQgNqo_3
frames/train\Fight\dfsafsghg_325,Fight,dfsafsghg_325
frames/train\Fight\dfsafsghg_326,Fight,dfsafsghg_326
frames/train\Fight\dfsafsghg_327,Fight,dfsafsghg_327
frames/train\Fight\dHEI4OkhC64_0,Fight,dHEI4OkhC64_0
frames/train\Fight\DHhyNrXr_0,Fight,DHhyNrXr_0
frames/train\Fight\DHhyNrXr_1,Fight,DHhyNrXr_1
frames/train\Fight\DHhyNrXr_2,Fight,DHhyNrXr_2
frames/train\Fight\DHhyNrXr_5,Fight,DHhyNrXr_5
frames/train\Fight\DIsQwAdR8MI_0,Fight,DIsQwAdR8MI_0
frames/train\Fight\dKqbUbuRxB4_0,Fight,dKqbUbuRxB4_0
frames/train\Fight\dOM7frJMFbc_0,Fight,dOM7frJMFbc_0
frames/train\Fight\dOM7frJMFbc_1,Fight,dOM7frJMFbc_1
frames/train\Fight\dOM7frJMFbc_2,Fight,dOM7frJMFbc_2
frames/train\Fight\dP20avzQAf8_0,Fight,dP20avzQAf8_0
frames/train\Fight\dP20avzQAf8_1,Fight,dP20avzQAf8_1
frames/train\Fight\dt8YUGoOSgQ_0,Fight,dt8YUGoOSgQ_0
frames/train\Fight\dt8YUGoOSgQ_1,Fight,dt8YUGoOSgQ_1
frames/train\Fight\DTq6Gu30-uA_0,Fight,DTq6Gu30-uA_0
frames/train\Fight\DTq6Gu30-uA_1,Fight,DTq6Gu30-uA_1
frames/train\Fight\DTq6Gu30-uA_2,Fight,DTq6Gu30-uA_2
frames/train\Fight\DTq6Gu30-uA_3,Fight,DTq6Gu30-uA_3
frames/train\Fight\DTq6Gu30-uA_4,Fight,DTq6Gu30-uA_4
frames/train\Fight\DTq6Gu30-uA_5,Fight,DTq6Gu30-uA_5
frames/train\Fight\DTq6Gu30-uA_6,Fight,DTq6Gu30-uA_6
frames/train\Fight\dxzvtJ4gPC0_0,Fight,dxzvtJ4gPC0_0
frames/train\Fight\dxzvtJ4gPC0_1,Fight,dxzvtJ4gPC0_1
frames/train\Fight\E0Huf4Qi0JE_0,Fight,E0Huf4Qi0JE_0
frames/train\Fight\E0Huf4Qi0JE_1,Fight,E0Huf4Qi0JE_1
frames/train\Fight\E2gqgFNyPL8_0,Fight,E2gqgFNyPL8_0
frames/train\Fight\e4U3gEDEB58_0,Fight,e4U3gEDEB58_0
frames/train\Fight\ECoMcgjR_0,Fight,ECoMcgjR_0
frames/train\Fight\eifiXLWYul8_0,Fight,eifiXLWYul8_0
frames/train\Fight\Ek0jcAoCRw8_0,Fight,Ek0jcAoCRw8_0
frames/train\Fight\Er-sOPbvRVI_0,Fight,Er-sOPbvRVI_0
frames/train\Fight\erwyrhd_337,Fight,erwyrhd_337
frames/train\Fight\erwyrhd_338,Fight,erwyrhd_338
frames/train\Fight\erwyrhd_339,Fight,erwyrhd_339
frames/train\Fight\erwyrhd_340,Fight,erwyrhd_340
frames/train\Fight\EtRfZ2KP_0,Fight,EtRfZ2KP_0
frames/train\Fight\EtRfZ2KP_2,Fight,EtRfZ2KP_2
frames/train\Fight\EtRfZ2KP_3,Fight,EtRfZ2KP_3
frames/train\Fight\EtRfZ2KP_4,Fight,EtRfZ2KP_4
frames/train\Fight\EtRfZ2KP_5,Fight,EtRfZ2KP_5
frames/train\Fight\f50PQz7mXds_0,Fight,f50PQz7mXds_0
frames/train\Fight\f50PQz7mXds_1,Fight,f50PQz7mXds_1
frames/train\Fight\F7W6PQ3V3y8_0,Fight,F7W6PQ3V3y8_0
frames/train\Fight\F7W6PQ3V3y8_1,Fight,F7W6PQ3V3y8_1
frames/train\Fight\F7W6PQ3V3y8_10,Fight,F7W6PQ3V3y8_10
frames/train\Fight\F7W6PQ3V3y8_11,Fight,F7W6PQ3V3y8_11
frames/train\Fight\F7W6PQ3V3y8_2,Fight,F7W6PQ3V3y8_2
frames/train\Fight\F7W6PQ3V3y8_3,Fight,F7W6PQ3V3y8_3
frames/train\Fight\F7W6PQ3V3y8_4,Fight,F7W6PQ3V3y8_4
frames/train\Fight\F7W6PQ3V3y8_5,Fight,F7W6PQ3V3y8_5
frames/train\Fight\F7W6PQ3V3y8_6,Fight,F7W6PQ3V3y8_6
frames/train\Fight\F7W6PQ3V3y8_7,Fight,F7W6PQ3V3y8_7
frames/train\Fight\F7W6PQ3V3y8_8,Fight,F7W6PQ3V3y8_8
frames/train\Fight\F7W6PQ3V3y8_9,Fight,F7W6PQ3V3y8_9
frames/train\Fight\Fc45rUKM_0,Fight,Fc45rUKM_0
frames/train\Fight\Fc45rUKM_1,Fight,Fc45rUKM_1
frames/train\Fight\Fc45rUKM_2,Fight,Fc45rUKM_2
frames/train\Fight\Fc45rUKM_3,Fight,Fc45rUKM_3
frames/train\Fight\Fc45rUKM_4,Fight,Fc45rUKM_4
frames/train\Fight\Fc45rUKM_5,Fight,Fc45rUKM_5
frames/train\Fight\Fc45rUKM_6,Fight,Fc45rUKM_6
frames/train\Fight\fK7CSrQ6OpM_1,Fight,fK7CSrQ6OpM_1
frames/train\Fight\fK7CSrQ6OpM_2,Fight,fK7CSrQ6OpM_2
frames/train\Fight\fK7CSrQ6OpM_4,Fight,fK7CSrQ6OpM_4
frames/train\Fight\fRYqXRRcqCs_0,Fight,fRYqXRRcqCs_0
frames/train\Fight\FSaZ8wiFw8Q_0,Fight,FSaZ8wiFw8Q_0
frames/train\Fight\fSE4L50n_0,Fight,fSE4L50n_0
frames/train\Fight\fsVC-FnnklU_0,Fight,fsVC-FnnklU_0
frames/train\Fight\fsVC-FnnklU_1,Fight,fsVC-FnnklU_1
frames/train\Fight\fwEk96k8g_I_0,Fight,fwEk96k8g_I_0
frames/train\Fight\fwEk96k8g_I_1,Fight,fwEk96k8g_I_1
frames/train\Fight\fwEk96k8g_I_2,Fight,fwEk96k8g_I_2
frames/train\Fight\fwEk96k8g_I_3,Fight,fwEk96k8g_I_3
frames/train\Fight\FZDDNtcaBcw_0,Fight,FZDDNtcaBcw_0
frames/train\Fight\FZDDNtcaBcw_1,Fight,FZDDNtcaBcw_1
frames/train\Fight\FZDDNtcaBcw_2,Fight,FZDDNtcaBcw_2
frames/train\Fight\G3E1YP6agWs_0,Fight,G3E1YP6agWs_0
frames/train\Fight\G3E1YP6agWs_1,Fight,G3E1YP6agWs_1
frames/train\Fight\GafFu4IZtIA_0,Fight,GafFu4IZtIA_0
frames/train\Fight\GafFu4IZtIA_1,Fight,GafFu4IZtIA_1
frames/train\Fight\GafFu4IZtIA_2,Fight,GafFu4IZtIA_2
frames/train\Fight\GafFu4IZtIA_3,Fight,GafFu4IZtIA_3
frames/train\Fight\GafFu4IZtIA_4,Fight,GafFu4IZtIA_4
frames/train\Fight\GafFu4IZtIA_6,Fight,GafFu4IZtIA_6
frames/train\Fight\GafFu4IZtIA_7,Fight,GafFu4IZtIA_7
frames/train\Fight\gHcG_c1i4uE_0,Fight,gHcG_c1i4uE_0
frames/train\Fight\GhZRf4GIw0w_0,Fight,GhZRf4GIw0w_0
frames/train\Fight\gJDvtfRrM7k_0,Fight,gJDvtfRrM7k_0
frames/train\Fight\gJDvtfRrM7k_1,Fight,gJDvtfRrM7k_1
frames/train\Fight\GKsvH_pVNQU_0,Fight,GKsvH_pVNQU_0
frames/train\Fight\GKsvH_pVNQU_1,Fight,GKsvH_pVNQU_1
frames/train\Fight\gnBmOf7v_0,Fight,gnBmOf7v_0
frames/train\Fight\gnBmOf7v_1,Fight,gnBmOf7v_1
frames/train\Fight\gnBmOf7v_2,Fight,gnBmOf7v_2
frames/train\Fight\gNIohJfdvEc_0,Fight,gNIohJfdvEc_0
frames/train\Fight\gNIohJfdvEc_1,Fight,gNIohJfdvEc_1
frames/train\Fight\gNIohJfdvEc_2,Fight,gNIohJfdvEc_2
frames/train\Fight\Gr3ikl6A2bE_1,Fight,Gr3ikl6A2bE_1
frames/train\Fight\Gr3ikl6A2bE_2,Fight,Gr3ikl6A2bE_2
frames/train\Fight\gR4OsEPl894_0,Fight,gR4OsEPl894_0
frames/train\Fight\gR4OsEPl894_2,Fight,gR4OsEPl894_2
frames/train\Fight\GtGAcKxn_0,Fight,GtGAcKxn_0
frames/train\Fight\GuLMP_IOrR0_0,Fight,GuLMP_IOrR0_0
frames/train\Fight\GuLMP_IOrR0_1,Fight,GuLMP_IOrR0_1
frames/train\Fight\H1AzC-GyKto_0,Fight,H1AzC-GyKto_0
frames/train\Fight\H1AzC-GyKto_1,Fight,H1AzC-GyKto_1
frames/train\Fight\hEjHnhy2_0,Fight,hEjHnhy2_0
frames/train\Fight\HgwpC5Xx_0,Fight,HgwpC5Xx_0
frames/train\Fight\HtbVjsRA_0,Fight,HtbVjsRA_0
frames/train\Fight\HtbVjsRA_1,Fight,HtbVjsRA_1
frames/train\Fight\HtbVjsRA_2,Fight,HtbVjsRA_2
frames/train\Fight\HVSv9sgz2ZI_0,Fight,HVSv9sgz2ZI_0
frames/train\Fight\HVSv9sgz2ZI_1,Fight,HVSv9sgz2ZI_1
frames/train\Fight\HVSv9sgz2ZI_2,Fight,HVSv9sgz2ZI_2
frames/train\Fight\HVSv9sgz2ZI_4,Fight,HVSv9sgz2ZI_4
frames/train\Fight\HVSv9sgz2ZI_5,Fight,HVSv9sgz2ZI_5
frames/train\Fight\HW48LUZKOL4_0,Fight,HW48LUZKOL4_0
frames/train\Fight\HW48LUZKOL4_1,Fight,HW48LUZKOL4_1
frames/train\Fight\HW48LUZKOL4_2,Fight,HW48LUZKOL4_2
frames/train\Fight\HW48LUZKOL4_4,Fight,HW48LUZKOL4_4
frames/train\Fight\H_VQJU0Bqpc_1,Fight,H_VQJU0Bqpc_1
frames/train\Fight\H_VQJU0Bqpc_2,Fight,H_VQJU0Bqpc_2
frames/train\Fight\I-x0G5pAan0_0,Fight,I-x0G5pAan0_0
frames/train\Fight\i2sLegg2JPA_0,Fight,i2sLegg2JPA_0
frames/train\Fight\i2sLegg2JPA_1,Fight,i2sLegg2JPA_1
frames/train\Fight\i5xJxtv4gXs_0,Fight,i5xJxtv4gXs_0
frames/train\Fight\i5xJxtv4gXs_1,Fight,i5xJxtv4gXs_1
frames/train\Fight\i5xJxtv4gXs_2,Fight,i5xJxtv4gXs_2
frames/train\Fight\i5xJxtv4gXs_3,Fight,i5xJxtv4gXs_3
frames/train\Fight\i5xJxtv4gXs_4,Fight,i5xJxtv4gXs_4
frames/train\Fight\iHUwZBSx_0,Fight,iHUwZBSx_0
frames/train\Fight\Ile3EVQA_0,Fight,Ile3EVQA_0
frames/train\Fight\Ile3EVQA_1,Fight,Ile3EVQA_1
frames/train\Fight\iP6yS_OroMk_0,Fight,iP6yS_OroMk_0
frames/train\Fight\iquSbj5Wqj0_0,Fight,iquSbj5Wqj0_0
frames/train\Fight\iquSbj5Wqj0_1,Fight,iquSbj5Wqj0_1
frames/train\Fight\jCD7lUJQ7Xc_0,Fight,jCD7lUJQ7Xc_0
frames/train\Fight\jCD7lUJQ7Xc_1,Fight,jCD7lUJQ7Xc_1
frames/train\Fight\jILBnY3lB2Q_0,Fight,jILBnY3lB2Q_0
frames/train\Fight\JJG0bHPur50_0,Fight,JJG0bHPur50_0
frames/train\Fight\JJG0bHPur50_1,Fight,JJG0bHPur50_1
frames/train\Fight\JJG0bHPur50_2,Fight,JJG0bHPur50_2
frames/train\Fight\jmZqmYnH_0,Fight,jmZqmYnH_0
frames/train\Fight\jmZqmYnH_1,Fight,jmZqmYnH_1
frames/train\Fight\JPIeYvRgo6I_0,Fight,JPIeYvRgo6I_0
frames/train\Fight\JPIeYvRgo6I_1,Fight,JPIeYvRgo6I_1
frames/train\Fight\Jq8neqBlL2Y_2,Fight,Jq8neqBlL2Y_2
frames/train\Fight\Jq8neqBlL2Y_3,Fight,Jq8neqBlL2Y_3
frames/train\Fight\Jq8neqBlL2Y_4,Fight,Jq8neqBlL2Y_4
frames/train\Fight\Jq8neqBlL2Y_5,Fight,Jq8neqBlL2Y_5
frames/train\Fight\JRL5Vvql_0,Fight,JRL5Vvql_0
frames/train\Fight\JRL5Vvql_1,Fight,JRL5Vvql_1
frames/train\Fight\Jt4WbOZeT7s_0,Fight,Jt4WbOZeT7s_0
frames/train\Fight\jTbvVbkUaPM_0,Fight,jTbvVbkUaPM_0
frames/train\Fight\jTbvVbkUaPM_4,Fight,jTbvVbkUaPM_4
frames/train\Fight\jTbvVbkUaPM_5,Fight,jTbvVbkUaPM_5
frames/train\Fight\jtzWSah-BZM_0,Fight,jtzWSah-BZM_0
frames/train\Fight\JwTPruSFTjk_0,Fight,JwTPruSFTjk_0
frames/train\Fight\JwTPruSFTjk_1,Fight,JwTPruSFTjk_1
frames/train\Fight\K6WRP2xi_0,Fight,K6WRP2xi_0
frames/train\Fight\K6WRP2xi_1,Fight,K6WRP2xi_1
frames/train\Fight\K6WRP2xi_2,Fight,K6WRP2xi_2
frames/train\Fight\K6WRP2xi_3,Fight,K6WRP2xi_3
frames/train\Fight\kExp3yhspR0_0,Fight,kExp3yhspR0_0
frames/train\Fight\kExp3yhspR0_1,Fight,kExp3yhspR0_1
frames/train\Fight\kExp3yhspR0_2,Fight,kExp3yhspR0_2
frames/train\Fight\kExp3yhspR0_3,Fight,kExp3yhspR0_3
frames/train\Fight\kLHNW0uRutY_0,Fight,kLHNW0uRutY_0
frames/train\Fight\kLHNW0uRutY_1,Fight,kLHNW0uRutY_1
frames/train\Fight\kLHNW0uRutY_2,Fight,kLHNW0uRutY_2
frames/train\Fight\kLHNW0uRutY_3,Fight,kLHNW0uRutY_3
frames/train\Fight\kLHNW0uRutY_4,Fight,kLHNW0uRutY_4
frames/train\Fight\kLHNW0uRutY_5,Fight,kLHNW0uRutY_5
frames/train\Fight\kMI2JME3Aag_0,Fight,kMI2JME3Aag_0
frames/train\Fight\kMI2JME3Aag_1,Fight,kMI2JME3Aag_1
frames/train\Fight\kMI2JME3Aag_2,Fight,kMI2JME3Aag_2
frames/train\Fight\kOp57sQKMPY_0,Fight,kOp57sQKMPY_0
frames/train\Fight\kOp57sQKMPY_1,Fight,kOp57sQKMPY_1
frames/train\Fight\ksdkojifes_416,Fight,ksdkojifes_416
frames/train\Fight\Kx5lWLPZ0Y0_0,Fight,Kx5lWLPZ0Y0_0
frames/train\Fight\Kx5lWLPZ0Y0_1,Fight,Kx5lWLPZ0Y0_1
frames/train\Fight\K_7hT4N2QCE_0,Fight,K_7hT4N2QCE_0
frames/train\Fight\K_7hT4N2QCE_1,Fight,K_7hT4N2QCE_1
frames/train\Fight\K_7hT4N2QCE_2,Fight,K_7hT4N2QCE_2
frames/train\Fight\l4gqDHx9_dI_0,Fight,l4gqDHx9_dI_0
frames/train\Fight\l4gqDHx9_dI_1,Fight,l4gqDHx9_dI_1
frames/train\Fight\l4gqDHx9_dI_2,Fight,l4gqDHx9_dI_2
frames/train\Fight\l4gqDHx9_dI_3,Fight,l4gqDHx9_dI_3
frames/train\Fight\lI17Q0j3_0,Fight,lI17Q0j3_0
frames/train\Fight\lL3FQltu_0,Fight,lL3FQltu_0
frames/train\Fight\LLo_TXIz5-g_0,Fight,LLo_TXIz5-g_0
frames/train\Fight\lmfaDmCCRoY_0,Fight,lmfaDmCCRoY_0
frames/train\Fight\lmfaDmCCRoY_1,Fight,lmfaDmCCRoY_1
frames/train\Fight\lmfaDmCCRoY_2,Fight,lmfaDmCCRoY_2
frames/train\Fight\lmfaDmCCRoY_3,Fight,lmfaDmCCRoY_3
frames/train\Fight\lmfaDmCCRoY_4,Fight,lmfaDmCCRoY_4
frames/train\Fight\lmfaDmCCRoY_5,Fight,lmfaDmCCRoY_5
frames/train\Fight\lmfaDmCCRoY_6,Fight,lmfaDmCCRoY_6
frames/train\Fight\lmfaDmCCRoY_7,Fight,lmfaDmCCRoY_7
frames/train\Fight\lUjx4FXvv34_0,Fight,lUjx4FXvv34_0
frames/train\Fight\lUjx4FXvv34_1,Fight,lUjx4FXvv34_1
frames/train\Fight\mbW7VkAf6Yk_0,Fight,mbW7VkAf6Yk_0
frames/train\Fight\mbW7VkAf6Yk_1,Fight,mbW7VkAf6Yk_1
frames/train\Fight\mbW7VkAf6Yk_2,Fight,mbW7VkAf6Yk_2
frames/train\Fight\Mi4nMB8AHxI_0,Fight,Mi4nMB8AHxI_0
frames/train\Fight\Mi4nMB8AHxI_1,Fight,Mi4nMB8AHxI_1
frames/train\Fight\mRqg-WXiR7Q_0,Fight,mRqg-WXiR7Q_0
frames/train\Fight\mRqg-WXiR7Q_1,Fight,mRqg-WXiR7Q_1
frames/train\Fight\mRqg-WXiR7Q_2,Fight,mRqg-WXiR7Q_2
frames/train\Fight\mRqg-WXiR7Q_3,Fight,mRqg-WXiR7Q_3
frames/train\Fight\mVTcBPrjh-E_0,Fight,mVTcBPrjh-E_0
frames/train\Fight\mVTcBPrjh-E_1,Fight,mVTcBPrjh-E_1
frames/train\Fight\mX4cQM1xMFc_0,Fight,mX4cQM1xMFc_0
frames/train\Fight\mX4cQM1xMFc_1,Fight,mX4cQM1xMFc_1
frames/train\Fight\mX4cQM1xMFc_2,Fight,mX4cQM1xMFc_2
frames/train\Fight\mxlWEjopk_c_0,Fight,mxlWEjopk_c_0
frames/train\Fight\MzcX84QCuE8_0,Fight,MzcX84QCuE8_0
frames/train\Fight\N1Q9v-saJ_g_0,Fight,N1Q9v-saJ_g_0
frames/train\Fight\N1Q9v-saJ_g_1,Fight,N1Q9v-saJ_g_1
frames/train\Fight\N1Q9v-saJ_g_2,Fight,N1Q9v-saJ_g_2
frames/train\Fight\nBO2Wlr3LhU_0,Fight,nBO2Wlr3LhU_0
frames/train\Fight\nBO2Wlr3LhU_1,Fight,nBO2Wlr3LhU_1
frames/train\Fight\nNUeqFgG_0,Fight,nNUeqFgG_0
frames/train\Fight\nNUeqFgG_1,Fight,nNUeqFgG_1
frames/train\Fight\nNUeqFgG_3,Fight,nNUeqFgG_3
frames/train\Fight\nNUeqFgG_4,Fight,nNUeqFgG_4
frames/train\Fight\nNUeqFgG_5,Fight,nNUeqFgG_5
frames/train\Fight\NPeKBgURcxI_0,Fight,NPeKBgURcxI_0
frames/train\Fight\NPeKBgURcxI_1,Fight,NPeKBgURcxI_1
frames/train\Fight\NPeKBgURcxI_2,Fight,NPeKBgURcxI_2
frames/train\Fight\NpznjZe7A2M_0,Fight,NpznjZe7A2M_0
frames/train\Fight\NpznjZe7A2M_1,Fight,NpznjZe7A2M_1
frames/train\Fight\NvYo6CS_i_A_0,Fight,NvYo6CS_i_A_0
frames/train\Fight\NvYo6CS_i_A_1,Fight,NvYo6CS_i_A_1
frames/train\Fight\NvYo6CS_i_A_2,Fight,NvYo6CS_i_A_2
frames/train\Fight\NvYo6CS_i_A_3,Fight,NvYo6CS_i_A_3
frames/train\Fight\NxtwlqSnLbY_1,Fight,NxtwlqSnLbY_1
frames/train\Fight\NxtwlqSnLbY_2,Fight,NxtwlqSnLbY_2
frames/train\Fight\NxtwlqSnLbY_3,Fight,NxtwlqSnLbY_3
frames/train\Fight\NxtwlqSnLbY_4,Fight,NxtwlqSnLbY_4
frames/train\Fight\o9sRXy5r_0,Fight,o9sRXy5r_0
frames/train\Fight\o9sRXy5r_1,Fight,o9sRXy5r_1
frames/train\Fight\o9sRXy5r_2,Fight,o9sRXy5r_2
frames/train\Fight\o9sRXy5r_3,Fight,o9sRXy5r_3
frames/train\Fight\OAfV0xPIhZw_0,Fight,OAfV0xPIhZw_0
frames/train\Fight\OAfV0xPIhZw_1,Fight,OAfV0xPIhZw_1
frames/train\Fight\OAfV0xPIhZw_2,Fight,OAfV0xPIhZw_2
frames/train\Fight\OAfV0xPIhZw_3,Fight,OAfV0xPIhZw_3
frames/train\Fight\OAfV0xPIhZw_4,Fight,OAfV0xPIhZw_4
frames/train\Fight\oDGm-DOOyI4_0,Fight,oDGm-DOOyI4_0
frames/train\Fight\oDGm-DOOyI4_1,Fight,oDGm-DOOyI4_1
frames/train\Fight\oIEZ45OCmAw_0,Fight,oIEZ45OCmAw_0
frames/train\Fight\oIEZ45OCmAw_1,Fight,oIEZ45OCmAw_1
frames/train\Fight\oIEZ45OCmAw_2,Fight,oIEZ45OCmAw_2
frames/train\Fight\oIEZ45OCmAw_3,Fight,oIEZ45OCmAw_3
frames/train\Fight\oIEZ45OCmAw_4,Fight,oIEZ45OCmAw_4
frames/train\Fight\oM-goKOVjeU_0,Fight,oM-goKOVjeU_0
frames/train\Fight\oM-goKOVjeU_1,Fight,oM-goKOVjeU_1
frames/train\Fight\oowA6LToeTE_0,Fight,oowA6LToeTE_0
frames/train\Fight\oqCIUYdq_0,Fight,oqCIUYdq_0
frames/train\Fight\OTVE3eLAuUM_0,Fight,OTVE3eLAuUM_0
frames/train\Fight\OTVE3eLAuUM_1,Fight,OTVE3eLAuUM_1
frames/train\Fight\OTVE3eLAuUM_2,Fight,OTVE3eLAuUM_2
frames/train\Fight\Ou8ssKOQzI0_0,Fight,Ou8ssKOQzI0_0
frames/train\Fight\Ou8ssKOQzI0_1,Fight,Ou8ssKOQzI0_1
frames/train\Fight\Ou8ssKOQzI0_2,Fight,Ou8ssKOQzI0_2
frames/train\Fight\oVMhWJIpHnc_0,Fight,oVMhWJIpHnc_0
frames/train\Fight\oW8ySS0rN4Y_0,Fight,oW8ySS0rN4Y_0
frames/train\Fight\oW8ySS0rN4Y_1,Fight,oW8ySS0rN4Y_1
frames/train\Fight\p19HiyCX7EQ_0,Fight,p19HiyCX7EQ_0
frames/train\Fight\p19HiyCX7EQ_1,Fight,p19HiyCX7EQ_1
frames/train\Fight\p19HiyCX7EQ_2,Fight,p19HiyCX7EQ_2
frames/train\Fight\p1bUxYeJ_0,Fight,p1bUxYeJ_0
frames/train\Fight\p1bUxYeJ_1,Fight,p1bUxYeJ_1
frames/train\Fight\p1bUxYeJ_2,Fight,p1bUxYeJ_2
frames/train\Fight\p4DwXTNr-xc_0,Fight,p4DwXTNr-xc_0
frames/train\Fight\Pe1uIhp4dAQ_0,Fight,Pe1uIhp4dAQ_0
frames/train\Fight\Pe1uIhp4dAQ_1,Fight,Pe1uIhp4dAQ_1
frames/train\Fight\Pe1uIhp4dAQ_2,Fight,Pe1uIhp4dAQ_2
frames/train\Fight\Pe1uIhp4dAQ_3,Fight,Pe1uIhp4dAQ_3
frames/train\Fight\Pe1uIhp4dAQ_4,Fight,Pe1uIhp4dAQ_4
frames/train\Fight\PFw7SeFOD04_0,Fight,PFw7SeFOD04_0
frames/train\Fight\PFw7SeFOD04_1,Fight,PFw7SeFOD04_1
frames/train\Fight\PFw7SeFOD04_2,Fight,PFw7SeFOD04_2
frames/train\Fight\PFw7SeFOD04_3,Fight,PFw7SeFOD04_3
frames/train\Fight\PJDdPv2b9-s_0,Fight,PJDdPv2b9-s_0
frames/train\Fight\pKOUG5AqLpY_0,Fight,pKOUG5AqLpY_0
frames/train\Fight\pKOUG5AqLpY_1,Fight,pKOUG5AqLpY_1
frames/train\Fight\PlHzsigAFas_0,Fight,PlHzsigAFas_0
frames/train\Fight\PlHzsigAFas_1,Fight,PlHzsigAFas_1
frames/train\Fight\PlHzsigAFas_10,Fight,PlHzsigAFas_10
frames/train\Fight\PlHzsigAFas_11,Fight,PlHzsigAFas_11
frames/train\Fight\PlHzsigAFas_2,Fight,PlHzsigAFas_2
frames/train\Fight\PlHzsigAFas_3,Fight,PlHzsigAFas_3
frames/train\Fight\PlHzsigAFas_4,Fight,PlHzsigAFas_4
frames/train\Fight\PlHzsigAFas_5,Fight,PlHzsigAFas_5
frames/train\Fight\PlHzsigAFas_7,Fight,PlHzsigAFas_7
frames/train\Fight\PlHzsigAFas_8,Fight,PlHzsigAFas_8
frames/train\Fight\PlHzsigAFas_9,Fight,PlHzsigAFas_9
frames/train\Fight\POGFN_429,Fight,POGFN_429
frames/train\Fight\POGFN_430,Fight,POGFN_430
frames/train\Fight\POGFN_432,Fight,POGFN_432
frames/train\Fight\PTy2vx8Ejas_0,Fight,PTy2vx8Ejas_0
frames/train\Fight\PTy2vx8Ejas_1,Fight,PTy2vx8Ejas_1
frames/train\Fight\PTy2vx8Ejas_2,Fight,PTy2vx8Ejas_2
frames/train\Fight\PTy2vx8Ejas_3,Fight,PTy2vx8Ejas_3
frames/train\Fight\PTy2vx8Ejas_5,Fight,PTy2vx8Ejas_5
frames/train\Fight\Q1ycSrzoM2c_1,Fight,Q1ycSrzoM2c_1
frames/train\Fight\Q1ycSrzoM2c_2,Fight,Q1ycSrzoM2c_2
frames/train\Fight\QaIY5Au8yOc_0,Fight,QaIY5Au8yOc_0
frames/train\Fight\QaIY5Au8yOc_1,Fight,QaIY5Au8yOc_1
frames/train\Fight\QaIY5Au8yOc_2,Fight,QaIY5Au8yOc_2
frames/train\Fight\QkqaGJ9x_0,Fight,QkqaGJ9x_0
frames/train\Fight\QkqaGJ9x_1,Fight,QkqaGJ9x_1
frames/train\Fight\QkqaGJ9x_2,Fight,QkqaGJ9x_2
frames/train\Fight\QkqaGJ9x_3,Fight,QkqaGJ9x_3
frames/train\Fight\qmvilMkD57M_0,Fight,qmvilMkD57M_0
frames/train\Fight\qmvilMkD57M_1,Fight,qmvilMkD57M_1
frames/train\Fight\qrWTk-2a13o_1,Fight,qrWTk-2a13o_1
frames/train\Fight\qrWTk-2a13o_2,Fight,qrWTk-2a13o_2
frames/train\Fight\qrWTk-2a13o_3,Fight,qrWTk-2a13o_3
frames/train\Fight\QUGT4a6qcJs_0,Fight,QUGT4a6qcJs_0
frames/train\Fight\QUGT4a6qcJs_1,Fight,QUGT4a6qcJs_1
frames/train\Fight\QUGT4a6qcJs_2,Fight,QUGT4a6qcJs_2
frames/train\Fight\R1A_AxUKosk_0,Fight,R1A_AxUKosk_0
frames/train\Fight\R1A_AxUKosk_1,Fight,R1A_AxUKosk_1
frames/train\Fight\R1A_AxUKosk_2,Fight,R1A_AxUKosk_2
frames/train\Fight\R1A_AxUKosk_3,Fight,R1A_AxUKosk_3
frames/train\Fight\R1A_AxUKosk_4,Fight,R1A_AxUKosk_4
frames/train\Fight\r8PX3ZJ1_II_0,Fight,r8PX3ZJ1_II_0
frames/train\Fight\reg_495,Fight,reg_495
frames/train\Fight\rfthfd_534,Fight,rfthfd_534
frames/train\Fight\rfthfd_535,Fight,rfthfd_535
frames/train\Fight\rfthfd_536,Fight,rfthfd_536
frames/train\Fight\rfthfd_537,Fight,rfthfd_537
frames/train\Fight\rfthfd_538,Fight,rfthfd_538
frames/train\Fight\RGIpCpdlzI8_0,Fight,RGIpCpdlzI8_0
frames/train\Fight\Ri_poPbOu-k_0,Fight,Ri_poPbOu-k_0
frames/train\Fight\Ri_poPbOu-k_1,Fight,Ri_poPbOu-k_1
frames/train\Fight\Ri_poPbOu-k_2,Fight,Ri_poPbOu-k_2
frames/train\Fight\rn7Qjaj9_0,Fight,rn7Qjaj9_0
frames/train\Fight\rn7Qjaj9_1,Fight,rn7Qjaj9_1
frames/train\Fight\ROiHwksPSrg_0,Fight,ROiHwksPSrg_0
frames/train\Fight\RTCFGASH_573,Fight,RTCFGASH_573
frames/train\Fight\RTCFGASH_579,Fight,RTCFGASH_579
frames/train\Fight\RTDSFDSA_673,Fight,RTDSFDSA_673
frames/train\Fight\RTDSFDSA_674,Fight,RTDSFDSA_674
frames/train\Fight\RTDSFDSA_675,Fight,RTDSFDSA_675
frames/train\Fight\RTDSFDSA_676,Fight,RTDSFDSA_676
frames/train\Fight\RTDSFDSA_677,Fight,RTDSFDSA_677
frames/train\Fight\RYFG_774,Fight,RYFG_774
frames/train\Fight\RYFG_775,Fight,RYFG_775
frames/train\Fight\RYFG_776,Fight,RYFG_776
frames/train\Fight\RYFG_777,Fight,RYFG_777
frames/train\Fight\RYFG_778,Fight,RYFG_778
frames/train\Fight\RYFG_779,Fight,RYFG_779
frames/train\Fight\RYFG_781,Fight,RYFG_781
frames/train\Fight\s-jW4cyavW0_0,Fight,s-jW4cyavW0_0
frames/train\Fight\s-jW4cyavW0_1,Fight,s-jW4cyavW0_1
frames/train\Fight\s-jW4cyavW0_2,Fight,s-jW4cyavW0_2
frames/train\Fight\s3gaPKuW_0,Fight,s3gaPKuW_0
frames/train\Fight\s3gaPKuW_1,Fight,s3gaPKuW_1
frames/train\Fight\sadffg_950,Fight,sadffg_950
frames/train\Fight\sadsa_956,Fight,sadsa_956
frames/train\Fight\sadsa_957,Fight,sadsa_957
frames/train\Fight\sadsa_958,Fight,sadsa_958
frames/train\Fight\sadsa_959,Fight,sadsa_959
frames/train\Fight\sadsa_960,Fight,sadsa_960
frames/train\Fight\sadsa_961,Fight,sadsa_961
frames/train\Fight\SCnBiAteLVI_0,Fight,SCnBiAteLVI_0
frames/train\Fight\SCnBiAteLVI_1,Fight,SCnBiAteLVI_1
frames/train\Fight\SGntTioECg4_997,Fight,SGntTioECg4_997
frames/train\Fight\SGntTioECg4_999,Fight,SGntTioECg4_999
frames/train\Fight\SjJEt0drQZs_0,Fight,SjJEt0drQZs_0
frames/train\Fight\SmBrtaGJ_0,Fight,SmBrtaGJ_0
frames/train\Fight\SmBrtaGJ_1,Fight,SmBrtaGJ_1
frames/train\Fight\SNGRni0hBUM_0,Fight,SNGRni0hBUM_0
frames/train\Fight\Suv_mMs8J9g_0,Fight,Suv_mMs8J9g_0
frames/train\Fight\SXd2yu2LHv0_0,Fight,SXd2yu2LHv0_0
frames/train\Fight\SXd2yu2LHv0_1,Fight,SXd2yu2LHv0_1
frames/train\Fight\SXd2yu2LHv0_2,Fight,SXd2yu2LHv0_2
frames/train\Fight\t2z75yT2S_M_0,Fight,t2z75yT2S_M_0
frames/train\Fight\t2z75yT2S_M_1,Fight,t2z75yT2S_M_1
frames/train\Fight\T56HlypCEyU_0,Fight,T56HlypCEyU_0
frames/train\Fight\T56HlypCEyU_1,Fight,T56HlypCEyU_1
frames/train\Fight\T56HlypCEyU_2,Fight,T56HlypCEyU_2
frames/train\Fight\ThiaJUQ8_1,Fight,ThiaJUQ8_1
frames/train\Fight\ThiaJUQ8_2,Fight,ThiaJUQ8_2
frames/train\Fight\ThiaJUQ8_3,Fight,ThiaJUQ8_3
frames/train\Fight\tILABXoHE7s_0,Fight,tILABXoHE7s_0
frames/train\Fight\tILABXoHE7s_1,Fight,tILABXoHE7s_1
frames/train\Fight\tILABXoHE7s_2,Fight,tILABXoHE7s_2
frames/train\Fight\tILABXoHE7s_3,Fight,tILABXoHE7s_3
frames/train\Fight\tILABXoHE7s_4,Fight,tILABXoHE7s_4
frames/train\Fight\tILABXoHE7s_5,Fight,tILABXoHE7s_5
frames/train\Fight\tIvvuvuJFYc_0,Fight,tIvvuvuJFYc_0
frames/train\Fight\tIvvuvuJFYc_1,Fight,tIvvuvuJFYc_1
frames/train\Fight\tIvvuvuJFYc_2,Fight,tIvvuvuJFYc_2
frames/train\Fight\TJfoIe801t8_0,Fight,TJfoIe801t8_0
frames/train\Fight\TKBcD3J9Cc8_0,Fight,TKBcD3J9Cc8_0
frames/train\Fight\TKBcD3J9Cc8_1,Fight,TKBcD3J9Cc8_1
frames/train\Fight\TKBcD3J9Cc8_2,Fight,TKBcD3J9Cc8_2
frames/train\Fight\trhfd_1015,Fight,trhfd_1015
frames/train\Fight\trhfd_1016,Fight,trhfd_1016
frames/train\Fight\trhfd_1017,Fight,trhfd_1017
frames/train\Fight\trhfd_1018,Fight,trhfd_1018
frames/train\Fight\trhfd_1019,Fight,trhfd_1019
frames/train\Fight\truutrdf_1081,Fight,truutrdf_1081
frames/train\Fight\truutrdf_1082,Fight,truutrdf_1082
frames/train\Fight\truutrdf_1083,Fight,truutrdf_1083
frames/train\Fight\truutrdf_1084,Fight,truutrdf_1084
frames/train\Fight\truutrdf_1085,Fight,truutrdf_1085
frames/train\Fight\truutrdf_1086,Fight,truutrdf_1086
frames/train\Fight\truutrdf_1087,Fight,truutrdf_1087
frames/train\Fight\tuQyUHkOpdk_0,Fight,tuQyUHkOpdk_0
frames/train\Fight\TuWan04E3gQ_0,Fight,TuWan04E3gQ_0
frames/train\Fight\TuWan04E3gQ_1,Fight,TuWan04E3gQ_1
frames/train\Fight\tUzd4cN2_0,Fight,tUzd4cN2_0
frames/train\Fight\u-29uYuR2cg_0,Fight,u-29uYuR2cg_0
frames/train\Fight\U-rD98WfBYs_0,Fight,U-rD98WfBYs_0
frames/train\Fight\u1r8f71c_0,Fight,u1r8f71c_0
frames/train\Fight\u1r8f71c_1,Fight,u1r8f71c_1
frames/train\Fight\u1r8f71c_2,Fight,u1r8f71c_2
frames/train\Fight\u1r8f71c_3,Fight,u1r8f71c_3
frames/train\Fight\u1r8f71c_4,Fight,u1r8f71c_4
frames/train\Fight\u2Lkzfb0_0,Fight,u2Lkzfb0_0
frames/train\Fight\u2Lkzfb0_1,Fight,u2Lkzfb0_1
frames/train\Fight\u2Lkzfb0_2,Fight,u2Lkzfb0_2
frames/train\Fight\u2Lkzfb0_3,Fight,u2Lkzfb0_3
frames/train\Fight\ug2tQMG8DC0_0,Fight,ug2tQMG8DC0_0
frames/train\Fight\ug2tQMG8DC0_1,Fight,ug2tQMG8DC0_1
frames/train\Fight\ug2tQMG8DC0_2,Fight,ug2tQMG8DC0_2
frames/train\Fight\uGGFPY75IYQ_0,Fight,uGGFPY75IYQ_0
frames/train\Fight\uGGFPY75IYQ_1,Fight,uGGFPY75IYQ_1
frames/train\Fight\uKFI67bUzfg_0,Fight,uKFI67bUzfg_0
frames/train\Fight\uKFI67bUzfg_1,Fight,uKFI67bUzfg_1
frames/train\Fight\uKFI67bUzfg_2,Fight,uKFI67bUzfg_2
frames/train\Fight\umOs1WLBkuo_0,Fight,umOs1WLBkuo_0
frames/train\Fight\umOs1WLBkuo_1,Fight,umOs1WLBkuo_1
frames/train\Fight\umOs1WLBkuo_2,Fight,umOs1WLBkuo_2
frames/train\Fight\UvLAudRA91Y_0,Fight,UvLAudRA91Y_0
frames/train\Fight\UvLAudRA91Y_1,Fight,UvLAudRA91Y_1
frames/train\Fight\uXf4C-YwbtM_1,Fight,uXf4C-YwbtM_1
frames/train\Fight\uXf4C-YwbtM_3,Fight,uXf4C-YwbtM_3
frames/train\Fight\V726w0IKCp4_0,Fight,V726w0IKCp4_0
frames/train\Fight\V726w0IKCp4_1,Fight,V726w0IKCp4_1
frames/train\Fight\V726w0IKCp4_2,Fight,V726w0IKCp4_2
frames/train\Fight\V726w0IKCp4_3,Fight,V726w0IKCp4_3
frames/train\Fight\vBwKQfJYG1Q_0,Fight,vBwKQfJYG1Q_0
frames/train\Fight\vBwKQfJYG1Q_1,Fight,vBwKQfJYG1Q_1
frames/train\Fight\vBwKQfJYG1Q_2,Fight,vBwKQfJYG1Q_2
frames/train\Fight\vBwKQfJYG1Q_3,Fight,vBwKQfJYG1Q_3
frames/train\Fight\vBwKQfJYG1Q_4,Fight,vBwKQfJYG1Q_4
frames/train\Fight\vBwKQfJYG1Q_5,Fight,vBwKQfJYG1Q_5
frames/train\Fight\vBwKQfJYG1Q_6,Fight,vBwKQfJYG1Q_6
frames/train\Fight\VbwTMJroTbI_0,Fight,VbwTMJroTbI_0
frames/train\Fight\Vd27cYFthms_0,Fight,Vd27cYFthms_0
frames/train\Fight\VfDyc4ORBSI_0,Fight,VfDyc4ORBSI_0
frames/train\Fight\VfDyc4ORBSI_1,Fight,VfDyc4ORBSI_1
frames/train\Fight\videoplayback (1)_54,Fight,videoplayback (1)_54
frames/train\Fight\videoplayback (1)_55,Fight,videoplayback (1)_55
frames/train\Fight\videoplayback (2)_66,Fight,videoplayback (2)_66
frames/train\Fight\videoplayback (2)_74,Fight,videoplayback (2)_74
frames/train\Fight\videoplayback_92,Fight,videoplayback_92
frames/train\Fight\videoplayback_93,Fight,videoplayback_93
frames/train\Fight\videoplayback_94,Fight,videoplayback_94
frames/train\Fight\videoplayback_95,Fight,videoplayback_95
frames/train\Fight\vQKHxtrdEHM_0,Fight,vQKHxtrdEHM_0
frames/train\Fight\vQKHxtrdEHM_1,Fight,vQKHxtrdEHM_1
frames/train\Fight\vQKHxtrdEHM_2,Fight,vQKHxtrdEHM_2
frames/train\Fight\vQKHxtrdEHM_3,Fight,vQKHxtrdEHM_3
frames/train\Fight\vQKHxtrdEHM_4,Fight,vQKHxtrdEHM_4
frames/train\Fight\vQKHxtrdEHM_5,Fight,vQKHxtrdEHM_5
frames/train\Fight\vQKHxtrdEHM_6,Fight,vQKHxtrdEHM_6
frames/train\Fight\vQKHxtrdEHM_7,Fight,vQKHxtrdEHM_7
frames/train\Fight\vQKHxtrdEHM_9,Fight,vQKHxtrdEHM_9
frames/train\Fight\VYWWsld6ibI_0,Fight,VYWWsld6ibI_0
frames/train\Fight\w1T3NmEAt00_0,Fight,w1T3NmEAt00_0
frames/train\Fight\Wby1vUy8aYI_0,Fight,Wby1vUy8aYI_0
frames/train\Fight\Wby1vUy8aYI_1,Fight,Wby1vUy8aYI_1
frames/train\Fight\Wby1vUy8aYI_2,Fight,Wby1vUy8aYI_2
frames/train\Fight\wetrew_1195,Fight,wetrew_1195
frames/train\Fight\wetyh_1204,Fight,wetyh_1204
frames/train\Fight\wetyh_1205,Fight,wetyh_1205
frames/train\Fight\wetyh_1206,Fight,wetyh_1206
frames/train\Fight\wetyh_1207,Fight,wetyh_1207
frames/train\Fight\wetyh_1208,Fight,wetyh_1208
frames/train\Fight\wetyh_1223,Fight,wetyh_1223
frames/train\Fight\wetyh_1224,Fight,wetyh_1224
frames/train\Fight\WhatsApp Video 2025-08-24 at 16.09.20_4158fec1,Fight,WhatsApp Video 2025-08-24 at 16.09.20_4158fec1
frames/train\Fight\WhatsApp Video 2025-08-24 at 16.09.33_0c2e8455,Fight,WhatsApp Video 2025-08-24 at 16.09.33_0c2e8455
frames/train\Fight\WhatsApp Video 2025-08-24 at 16.09.33_2284015c,Fight,WhatsApp Video 2025-08-24 at 16.09.33_2284015c
frames/train\Fight\WhatsApp Video 2025-08-24 at 16.09.33_a45c443d,Fight,WhatsApp Video 2025-08-24 at 16.09.33_a45c443d
frames/train\Fight\WhatsApp Video 2025-08-24 at 16.09.34_3ed0ff8e,Fight,WhatsApp Video 2025-08-24 at 16.09.34_3ed0ff8e
frames/train\Fight\WhatsApp Video 2025-08-24 at 16.09.34_72504ac0,Fight,WhatsApp Video 2025-08-24 at 16.09.34_72504ac0
frames/train\Fight\WhatsApp Video 2025-08-24 at 16.09.37_8c259843,Fight,WhatsApp Video 2025-08-24 at 16.09.37_8c259843
frames/train\Fight\WhatsApp Video 2025-08-24 at 16.09.37_c1237476,Fight,WhatsApp Video 2025-08-24 at 16.09.37_c1237476
frames/train\Fight\wxdRVAZk_0,Fight,wxdRVAZk_0
frames/train\Fight\wxdRVAZk_1,Fight,wxdRVAZk_1
frames/train\Fight\X6V5o-uCYF4_0,Fight,X6V5o-uCYF4_0
frames/train\Fight\X6V5o-uCYF4_1,Fight,X6V5o-uCYF4_1
frames/train\Fight\X6V5o-uCYF4_2,Fight,X6V5o-uCYF4_2
frames/train\Fight\X6V5o-uCYF4_3,Fight,X6V5o-uCYF4_3
frames/train\Fight\X6V5o-uCYF4_4,Fight,X6V5o-uCYF4_4
frames/train\Fight\Xh6FNqKDMak_0,Fight,Xh6FNqKDMak_0
frames/train\Fight\xKq3hlefCUI_0,Fight,xKq3hlefCUI_0
frames/train\Fight\xKq3hlefCUI_1,Fight,xKq3hlefCUI_1
frames/train\Fight\XRC_6WgxusI_0,Fight,XRC_6WgxusI_0
frames/train\Fight\xrlCdUaagHY_0,Fight,xrlCdUaagHY_0
frames/train\Fight\YaWxiAtCwxE_0,Fight,YaWxiAtCwxE_0
frames/train\Fight\YaWxiAtCwxE_1,Fight,YaWxiAtCwxE_1
frames/train\Fight\YaWxiAtCwxE_2,Fight,YaWxiAtCwxE_2
frames/train\Fight\YaWxiAtCwxE_3,Fight,YaWxiAtCwxE_3
frames/train\Fight\YaWxiAtCwxE_4,Fight,YaWxiAtCwxE_4
frames/train\Fight\YaWxiAtCwxE_5,Fight,YaWxiAtCwxE_5
frames/train\Fight\YaWxiAtCwxE_6,Fight,YaWxiAtCwxE_6
frames/train\Fight\YaWxiAtCwxE_7,Fight,YaWxiAtCwxE_7
frames/train\Fight\YaWxiAtCwxE_8,Fight,YaWxiAtCwxE_8
frames/train\Fight\YL-qwpTMjzk_0,Fight,YL-qwpTMjzk_0
frames/train\Fight\YL-qwpTMjzk_1,Fight,YL-qwpTMjzk_1
frames/train\Fight\YL-qwpTMjzk_2,Fight,YL-qwpTMjzk_2
frames/train\Fight\YL-qwpTMjzk_4,Fight,YL-qwpTMjzk_4
frames/train\Fight\YUOfgfuh_1,Fight,YUOfgfuh_1
frames/train\Fight\z19nkHMw_0,Fight,z19nkHMw_0
frames/train\Fight\z19nkHMw_1,Fight,z19nkHMw_1
frames/train\Fight\z1WyVUv8_0,Fight,z1WyVUv8_0
frames/train\Fight\z1WyVUv8_1,Fight,z1WyVUv8_1
frames/train\Fight\z1WyVUv8_2,Fight,z1WyVUv8_2
frames/train\Fight\z7dOEJwUpVk_0,Fight,z7dOEJwUpVk_0
frames/train\Fight\ZnRk8nWJ548_0,Fight,ZnRk8nWJ548_0
frames/train\Fight\zuCTuKvj_0,Fight,zuCTuKvj_0
frames/train\Fight\zuCTuKvj_1,Fight,zuCTuKvj_1
frames/train\Fight\zuCTuKvj_2,Fight,zuCTuKvj_2
frames/train\Fight\zuCTuKvj_3,Fight,zuCTuKvj_3
frames/train\Fight\zuCTuKvj_5,Fight,zuCTuKvj_5
frames/train\Fight\ZVPU5c95_0,Fight,ZVPU5c95_0
frames/train\Fight\ZVPU5c95_1,Fight,ZVPU5c95_1
frames/train\Fight\_2RYnSFPD_U_0,Fight,_2RYnSFPD_U_0
frames/train\Fight\_6-B11R9FJM_0,Fight,_6-B11R9FJM_0
frames/train\Fight\_6-B11R9FJM_1,Fight,_6-B11R9FJM_1
frames/train\Fight\_6-B11R9FJM_2,Fight,_6-B11R9FJM_2
frames/train\Fight\_6-B11R9FJM_3,Fight,_6-B11R9FJM_3
frames/train\Fight\_6-B11R9FJM_4,Fight,_6-B11R9FJM_4
frames/train\Fight\_q5Nwh4Z6ao_0,Fight,_q5Nwh4Z6ao_0
frames/train\Fight\_q5Nwh4Z6ao_1,Fight,_q5Nwh4Z6ao_1
frames/train\Fight\_q5Nwh4Z6ao_10,Fight,_q5Nwh4Z6ao_10
frames/train\Fight\_q5Nwh4Z6ao_11,Fight,_q5Nwh4Z6ao_11
frames/train\Fight\_q5Nwh4Z6ao_13,Fight,_q5Nwh4Z6ao_13
frames/train\Fight\_q5Nwh4Z6ao_14,Fight,_q5Nwh4Z6ao_14
frames/train\Fight\_q5Nwh4Z6ao_2,Fight,_q5Nwh4Z6ao_2
frames/train\Fight\_q5Nwh4Z6ao_3,Fight,_q5Nwh4Z6ao_3
frames/train\Fight\_q5Nwh4Z6ao_4,Fight,_q5Nwh4Z6ao_4
frames/train\Fight\_q5Nwh4Z6ao_5,Fight,_q5Nwh4Z6ao_5
frames/train\Fight\_q5Nwh4Z6ao_6,Fight,_q5Nwh4Z6ao_6
frames/train\Fight\_q5Nwh4Z6ao_7,Fight,_q5Nwh4Z6ao_7
frames/train\Fight\_q5Nwh4Z6ao_8,Fight,_q5Nwh4Z6ao_8
frames/train\Fight\_q5Nwh4Z6ao_9,Fight,_q5Nwh4Z6ao_9
frames/train\Fight\_RziL1Ds6xU_0,Fight,_RziL1Ds6xU_0
frames/train\Fight\_RziL1Ds6xU_1,Fight,_RziL1Ds6xU_1
frames/train\Fight\_TwPzPRK7dc_0,Fight,_TwPzPRK7dc_0
frames/train\Fight\╤àΓòúΓöÉ╤äΓòò╨¼╤ç╨¼╨æ╤åΓûÆ╨Ñ╤à╨┤Γöñ╤àΓòò╨Æ╤åΓò£╨╛╤ë╨¿Γöé╤à╨£Γòæ╤ë╨ú╨¼╤ç╨½╨Æ╤ë╨Ñ╨ù╤åΓûôΓöé╤ë╨⌐╨ù╤å╨¡╨í╤å╨¬Γöñ╤à╨Ü╨½╤äΓòæ╨¢╤äΓòùΓòó╤ç╨½╨í╤å╨₧╨╖╤ê╨╖╨û╤ë╨▓╨í2_urlgot_138,Fight,╤àΓòúΓöÉ╤äΓòò╨¼╤ç╨¼╨æ╤åΓûÆ╨Ñ╤à╨┤Γöñ╤àΓòò╨Æ╤åΓò£╨╛╤ë╨¿Γöé╤à╨£Γòæ╤ë╨ú╨¼╤ç╨½╨Æ╤ë╨Ñ╨ù╤åΓûôΓöé╤ë╨⌐╨ù╤å╨¡╨í╤å╨¬Γöñ╤à╨Ü╨½╤äΓòæ╨¢╤äΓòùΓòó╤ç╨½╨í╤å╨₧╨╖╤ê╨╖╨û╤ë╨▓╨í2_urlgot_138
frames/train\Fight\╤àΓòúΓöÉ╤äΓòò╨¼╤ç╨¼╨æ╤åΓûÆ╨Ñ╤à╨┤Γöñ╤àΓòò╨Æ╤åΓò£╨╛╤ë╨¿Γöé╤à╨£Γòæ╤ë╨ú╨¼╤ç╨½╨Æ╤ë╨Ñ╨ù╤åΓûôΓöé╤ë╨⌐╨ù╤å╨¡╨í╤å╨¬Γöñ╤à╨Ü╨½╤äΓòæ╨¢╤äΓòùΓòó╤ç╨½╨í╤å╨₧╨╖╤ê╨╖╨û╤ë╨▓╨í2_urlgot_139,Fight,╤àΓòúΓöÉ╤äΓòò╨¼╤ç╨¼╨æ╤åΓûÆ╨Ñ╤à╨┤Γöñ╤àΓòò╨Æ╤åΓò£╨╛╤ë╨¿Γöé╤à╨£Γòæ╤ë╨ú╨¼╤ç╨½╨Æ╤ë╨Ñ╨ù╤åΓûôΓöé╤ë╨⌐╨ù╤å╨¡╨í╤å╨¬Γöñ╤à╨Ü╨½╤äΓòæ╨¢╤äΓòùΓòó╤ç╨½╨í╤å╨₧╨╖╤ê╨╖╨û╤ë╨▓╨í2_urlgot_139
frames/train\Fight\╤àΓòúΓöÉ╤äΓòò╨¼╤ç╨¼╨æ╤åΓûÆ╨Ñ╤à╨┤Γöñ╤àΓòò╨Æ╤åΓò£╨╛╤ë╨¿Γöé╤à╨£Γòæ╤ë╨ú╨¼╤ç╨½╨Æ╤ë╨Ñ╨ù╤åΓûôΓöé╤ë╨⌐╨ù╤å╨¡╨í╤å╨¬Γöñ╤à╨Ü╨½╤äΓòæ╨¢╤äΓòùΓòó╤ç╨½╨í╤å╨₧╨╖╤ê╨╖╨û╤ë╨▓╨í2_urlgot_140,Fight,╤àΓòúΓöÉ╤äΓòò╨¼╤ç╨¼╨æ╤åΓûÆ╨Ñ╤à╨┤Γöñ╤àΓòò╨Æ╤åΓò£╨╛╤ë╨¿Γöé╤à╨£Γòæ╤ë╨ú╨¼╤ç╨½╨Æ╤ë╨Ñ╨ù╤åΓûôΓöé╤ë╨⌐╨ù╤å╨¡╨í╤å╨¬Γöñ╤à╨Ü╨½╤äΓòæ╨¢╤äΓòùΓòó╤ç╨½╨í╤å╨₧╨╖╤ê╨╖╨û╤ë╨▓╨í2_urlgot_140
frames/train\Fight\╤àΓòúΓöÉ╤äΓòò╨¼╤ç╨¼╨æ╤åΓûÆ╨Ñ╤à╨┤Γöñ╤àΓòò╨Æ╤åΓò£╨╛╤ë╨¿Γöé╤à╨£Γòæ╤ë╨ú╨¼╤ç╨½╨Æ╤ë╨Ñ╨ù╤åΓûôΓöé╤ë╨⌐╨ù╤å╨¡╨í╤å╨¬Γöñ╤à╨Ü╨½╤äΓòæ╨¢╤äΓòùΓòó╤ç╨½╨í╤å╨₧╨╖╤ê╨╖╨û╤ë╨▓╨í2_urlgot_141,Fight,╤àΓòúΓöÉ╤äΓòò╨¼╤ç╨¼╨æ╤åΓûÆ╨Ñ╤à╨┤Γöñ╤àΓòò╨Æ╤åΓò£╨╛╤ë╨¿Γöé╤à╨£Γòæ╤ë╨ú╨¼╤ç╨½╨Æ╤ë╨Ñ╨ù╤åΓûôΓöé╤ë╨⌐╨ù╤å╨¡╨í╤å╨¬Γöñ╤à╨Ü╨½╤äΓòæ╨¢╤äΓòùΓòó╤ç╨½╨í╤å╨₧╨╖╤ê╨╖╨û╤ë╨▓╨í2_urlgot_141
frames/train\Fight\╤à╨┤╨╖╤ë╨⌐╨û╤ç╨á╨û╤à╨ƒ╨í╤àΓòæ╨º╤à╨ƒ╨í╤ç╨ñ╨»╤ç╨░╨¥╤äΓòæΓòæ╤äΓòæ╨¢╤äΓòùΓòó╤ÅΓò¥╨£╤äΓòò╨¢╤å╨Ö╨¢╤ç╨¼╨»╤ç╨¢╨░╤ÅΓò¥╨æ_urlgot_121,Fight,╤à╨┤╨╖╤ë╨⌐╨û╤ç╨á╨û╤à╨ƒ╨í╤àΓòæ╨º╤à╨ƒ╨í╤ç╨ñ╨»╤ç╨░╨¥╤äΓòæΓòæ╤äΓòæ╨¢╤äΓòùΓòó╤ÅΓò¥╨£╤äΓòò╨¢╤å╨Ö╨¢╤ç╨¼╨»╤ç╨¢╨░╤ÅΓò¥╨æ_urlgot_121
frames/train\Fight\╤à╨┤╨╖╤ë╨⌐╨û╤ç╨á╨û╤à╨ƒ╨í╤àΓòæ╨º╤à╨ƒ╨í╤ç╨ñ╨»╤ç╨░╨¥╤äΓòæΓòæ╤äΓòæ╨¢╤äΓòùΓòó╤ÅΓò¥╨£╤äΓòò╨¢╤å╨Ö╨¢╤ç╨¼╨»╤ç╨¢╨░╤ÅΓò¥╨æ_urlgot_122,Fight,╤à╨┤╨╖╤ë╨⌐╨û╤ç╨á╨û╤à╨ƒ╨í╤àΓòæ╨º╤à╨ƒ╨í╤ç╨ñ╨»╤ç╨░╨¥╤äΓòæΓòæ╤äΓòæ╨¢╤äΓòùΓòó╤ÅΓò¥╨£╤äΓòò╨¢╤å╨Ö╨¢╤ç╨¼╨»╤ç╨¢╨░╤ÅΓò¥╨æ_urlgot_122
frames/train\Fight\╤à╨┤╨╖╤ë╨⌐╨û╤ç╨á╨û╤à╨ƒ╨í╤àΓòæ╨º╤à╨ƒ╨í╤ç╨ñ╨»╤ç╨░╨¥╤äΓòæΓòæ╤äΓòæ╨¢╤äΓòùΓòó╤ÅΓò¥╨£╤äΓòò╨¢╤å╨Ö╨¢╤ç╨¼╨»╤ç╨¢╨░╤ÅΓò¥╨æ_urlgot_123,Fight,╤à╨┤╨╖╤ë╨⌐╨û╤ç╨á╨û╤à╨ƒ╨í╤àΓòæ╨º╤à╨ƒ╨í╤ç╨ñ╨»╤ç╨░╨¥╤äΓòæΓòæ╤äΓòæ╨¢╤äΓòùΓòó╤ÅΓò¥╨£╤äΓòò╨¢╤å╨Ö╨¢╤ç╨¼╨»╤ç╨¢╨░╤ÅΓò¥╨æ_urlgot_123
frames/train\Fight\╤à╨┤╨╖╤ë╨⌐╨û╤ç╨á╨û╤à╨ƒ╨í╤àΓòæ╨º╤à╨ƒ╨í╤ç╨ñ╨»╤ç╨░╨¥╤äΓòæΓòæ╤äΓòæ╨¢╤äΓòùΓòó╤ÅΓò¥╨£╤äΓòò╨¢╤å╨Ö╨¢╤ç╨¼╨»╤ç╨¢╨░╤ÅΓò¥╨æ_urlgot_127,Fight,╤à╨┤╨╖╤ë╨⌐╨û╤ç╨á╨û╤à╨ƒ╨í╤àΓòæ╨º╤à╨ƒ╨í╤ç╨ñ╨»╤ç╨░╨¥╤äΓòæΓòæ╤äΓòæ╨¢╤äΓòùΓòó╤ÅΓò¥╨£╤äΓòò╨¢╤å╨Ö╨¢╤ç╨¼╨»╤ç╨¢╨░╤ÅΓò¥╨æ_urlgot_127
frames/train\Fight\╤çΓò£╨í╤à╨á╨╖╤ë╨æ╨╜╤àΓûæ╨ƒ╤åΓòûΓòû╤åΓòûΓòû╤å╨Ö╨ú╤å╨«Γòó╤ÅΓò¥╨£╤ç╨½╨í╤å╨₧╨╖╤à╨ò╨╕╤ç╨╕╨¢╤å╨¢╨¥╤å╨í╨ö_urlgot_317,Fight,╤çΓò£╨í╤à╨á╨╖╤ë╨æ╨╜╤àΓûæ╨ƒ╤åΓòûΓòû╤åΓòûΓòû╤å╨Ö╨ú╤å╨«Γòó╤ÅΓò¥╨£╤ç╨½╨í╤å╨₧╨╖╤à╨ò╨╕╤ç╨╕╨¢╤å╨¢╨¥╤å╨í╨ö_urlgot_317
frames/train\Fight\╤ç╨½╨í╤å╨₧╨╖-╤ê╨¢ΓûÆ╤à╨½Γò£╤ê╨╜╨╢╤à╨┐╨»╤å╨¬Γöñ╤à╨Ü╨½╤å╨╛Γöñ╤å╨Ö╨ú╤à╨╡Γöé╤à╨╗╨£╤ç╨Ü╨┐_urlgot_210,Fight,╤ç╨½╨í╤å╨₧╨╖-╤ê╨¢ΓûÆ╤à╨½Γò£╤ê╨╜╨╢╤à╨┐╨»╤å╨¬Γöñ╤à╨Ü╨½╤å╨╛Γöñ╤å╨Ö╨ú╤à╨╡Γöé╤à╨╗╨£╤ç╨Ü╨┐_urlgot_210
frames/train\Fight\╤ç╨½╨í╤å╨₧╨╖╤å╨¢╨¥╤äΓòò╨¢╤ë╨┤╨á╤à╨₧╨ò╤äΓòò╨É╤çΓò¢╨┤╤àΓûæ╨ƒ╤äΓò¥╨⌐╤å╨Ö╨ú╤å╨«Γòó╤å╨ª╨º╤å╨╛Γöñ ╤ê╨É╨æ╤å╨¡ΓöÉ╤ç╨«╨╝╤ë╨ºΓöñ╤à╨ƒ╨í╤ë╨│╨⌐╤äΓòæ╨û_urlgot_267,Fight,╤ç╨½╨í╤å╨₧╨╖╤å╨¢╨¥╤äΓòò╨¢╤ë╨┤╨á╤à╨₧╨ò╤äΓòò╨É╤çΓò¢╨┤╤àΓûæ╨ƒ╤äΓò¥╨⌐╤å╨Ö╨ú╤å╨«Γòó╤å╨ª╨º╤å╨╛Γöñ ╤ê╨É╨æ╤å╨¡ΓöÉ╤ç╨«╨╝╤ë╨ºΓöñ╤à╨ƒ╨í╤ë╨│╨⌐╤äΓòæ╨û_urlgot_267
frames/train\Fight\╤ç╨½╨í╤å╨₧╨╖╤å╨¢╨¥╤äΓòò╨¢╤ë╨┤╨á╤à╨₧╨ò╤äΓòò╨É╤çΓò¢╨┤╤àΓûæ╨ƒ╤äΓò¥╨⌐╤å╨Ö╨ú╤å╨«Γòó╤å╨ª╨º╤å╨╛Γöñ ╤ê╨É╨æ╤å╨¡ΓöÉ╤ç╨«╨╝╤ë╨ºΓöñ╤à╨ƒ╨í╤ë╨│╨⌐╤äΓòæ╨û_urlgot_268,Fight,╤ç╨½╨í╤å╨₧╨╖╤å╨¢╨¥╤äΓòò╨¢╤ë╨┤╨á╤à╨₧╨ò╤äΓòò╨É╤çΓò¢╨┤╤àΓûæ╨ƒ╤äΓò¥╨⌐╤å╨Ö╨ú╤å╨«Γòó╤å╨ª╨º╤å╨╛Γöñ ╤ê╨É╨æ╤å╨¡ΓöÉ╤ç╨«╨╝╤ë╨ºΓöñ╤à╨ƒ╨í╤ë╨│╨⌐╤äΓòæ╨û_urlgot_268
frames/train\Fight\╤ç╨½╨í╤å╨₧╨╖╤å╨¢╨¥╤äΓòò╨¢╤ë╨┤╨á╤à╨₧╨ò╤äΓòò╨É╤çΓò¢╨┤╤àΓûæ╨ƒ╤äΓò¥╨⌐╤å╨Ö╨ú╤å╨«Γòó╤å╨ª╨º╤å╨╛Γöñ ╤ê╨É╨æ╤å╨¡ΓöÉ╤ç╨«╨╝╤ë╨ºΓöñ╤à╨ƒ╨í╤ë╨│╨⌐╤äΓòæ╨û_urlgot_279,Fight,╤ç╨½╨í╤å╨₧╨╖╤å╨¢╨¥╤äΓòò╨¢╤ë╨┤╨á╤à╨₧╨ò╤äΓòò╨É╤çΓò¢╨┤╤àΓûæ╨ƒ╤äΓò¥╨⌐╤å╨Ö╨ú╤å╨«Γòó╤å╨ª╨º╤å╨╛Γöñ ╤ê╨É╨æ╤å╨¡ΓöÉ╤ç╨«╨╝╤ë╨ºΓöñ╤à╨ƒ╨í╤ë╨│╨⌐╤äΓòæ╨û_urlgot_279
frames/train\Non-Fight\WhatsApp Video 2025-08-24 at 16.08.21_87caa5c3,Non-Fight,WhatsApp Video 2025-08-24 at 16.08.21_87caa5c3
frames/train\Non-Fight\WhatsApp Video 2025-08-24 at 16.09.10_5d9ed468,Non-Fight,WhatsApp Video 2025-08-24 at 16.09.10_5d9ed468
frames/train\Non-Fight\WhatsApp Video 2025-08-24 at 16.09.17_48de6b7a,Non-Fight,WhatsApp Video 2025-08-24 at 16.09.17_48de6b7a
frames/train\Non-Fight\WhatsApp Video 2025-08-24 at 16.09.19_9505d5c1,Non-Fight,WhatsApp Video 2025-08-24 at 16.09.19_9505d5c1
frames/train\Non-Fight\WhatsApp Video 2025-08-24 at 16.09.19_d998e5b1,Non-Fight,WhatsApp Video 2025-08-24 at 16.09.19_d998e5b1
frames/train\Non-Fight\WhatsApp Video 2025-08-24 at 16.09.21_e7a1f752,Non-Fight,WhatsApp Video 2025-08-24 at 16.09.21_e7a1f752
frames/train\Non-Fight\WhatsApp Video 2025-08-24 at 16.09.22_1cad3116,Non-Fight,WhatsApp Video 2025-08-24 at 16.09.22_1cad3116
frames/train\Non-Fight\WhatsApp Video 2025-08-24 at 16.09.24_2d449867,Non-Fight,WhatsApp Video 2025-08-24 at 16.09.24_2d449867
frames/train\NonFight\-1l5631l3fg_0,NonFight,-1l5631l3fg_0
frames/train\NonFight\-1l5631l3fg_1,NonFight,-1l5631l3fg_1
frames/train\NonFight\0AvTZRYx_0,NonFight,0AvTZRYx_0
frames/train\NonFight\0GGPb4iO_0,NonFight,0GGPb4iO_0
frames/train\NonFight\0H2s9UJcNJ0_0,NonFight,0H2s9UJcNJ0_0
frames/train\NonFight\0H2s9UJcNJ0_1,NonFight,0H2s9UJcNJ0_1
frames/train\NonFight\0H2s9UJcNJ0_2,NonFight,0H2s9UJcNJ0_2
frames/train\NonFight\0NqPsSHdri8_0,NonFight,0NqPsSHdri8_0
frames/train\NonFight\0QSeuqzpcOQ_0,NonFight,0QSeuqzpcOQ_0
frames/train\NonFight\0QSeuqzpcOQ_1,NonFight,0QSeuqzpcOQ_1
frames/train\NonFight\0TFi8D8IBg4_0,NonFight,0TFi8D8IBg4_0
frames/train\NonFight\0TP13Nyn_0,NonFight,0TP13Nyn_0
frames/train\NonFight\0vasozvJYvk_0,NonFight,0vasozvJYvk_0
frames/train\NonFight\0vasozvJYvk_1,NonFight,0vasozvJYvk_1
frames/train\NonFight\0vasozvJYvk_2,NonFight,0vasozvJYvk_2
frames/train\NonFight\0xoSMgad_0,NonFight,0xoSMgad_0
frames/train\NonFight\0YbzxGPE_0,NonFight,0YbzxGPE_0
frames/train\NonFight\0_DzLlklZa0_0,NonFight,0_DzLlklZa0_0
frames/train\NonFight\0_DzLlklZa0_1,NonFight,0_DzLlklZa0_1
frames/train\NonFight\0_DzLlklZa0_2,NonFight,0_DzLlklZa0_2
frames/train\NonFight\0_DzLlklZa0_3,NonFight,0_DzLlklZa0_3
frames/train\NonFight\11vr9Jho_0,NonFight,11vr9Jho_0
frames/train\NonFight\14YZVngQ_0,NonFight,14YZVngQ_0
frames/train\NonFight\16O0PIQP_0,NonFight,16O0PIQP_0
frames/train\NonFight\18xQQOv5_0,NonFight,18xQQOv5_0
frames/train\NonFight\1A3zEkCHBl8_0,NonFight,1A3zEkCHBl8_0
frames/train\NonFight\1A3zEkCHBl8_1,NonFight,1A3zEkCHBl8_1
frames/train\NonFight\1A3zEkCHBl8_2,NonFight,1A3zEkCHBl8_2
frames/train\NonFight\1ahhhDBQHxg_0,NonFight,1ahhhDBQHxg_0
frames/train\NonFight\1dsLuL5Lvbc_0,NonFight,1dsLuL5Lvbc_0
frames/train\NonFight\1O4KGHbRt3M_0,NonFight,1O4KGHbRt3M_0
frames/train\NonFight\1O4KGHbRt3M_1,NonFight,1O4KGHbRt3M_1
frames/train\NonFight\1oEbrZhr_0,NonFight,1oEbrZhr_0
frames/train\NonFight\1OXrIaQK_0,NonFight,1OXrIaQK_0
frames/train\NonFight\1QixA5m2_0,NonFight,1QixA5m2_0
frames/train\NonFight\1r91ACCe_0,NonFight,1r91ACCe_0
frames/train\NonFight\1tU4kxa51vw_0,NonFight,1tU4kxa51vw_0
frames/train\NonFight\1tU4kxa51vw_1,NonFight,1tU4kxa51vw_1
frames/train\NonFight\1tU4kxa51vw_2,NonFight,1tU4kxa51vw_2
frames/train\NonFight\1Ytq2moWGdw_0,NonFight,1Ytq2moWGdw_0
frames/train\NonFight\24E0xYYUz44_0,NonFight,24E0xYYUz44_0
frames/train\NonFight\24E0xYYUz44_1,NonFight,24E0xYYUz44_1
frames/train\NonFight\24E0xYYUz44_2,NonFight,24E0xYYUz44_2
frames/train\NonFight\2bBn7MLg_0,NonFight,2bBn7MLg_0
frames/train\NonFight\2gkuUVq1_0,NonFight,2gkuUVq1_0
frames/train\NonFight\2KMf6p5Q_0,NonFight,2KMf6p5Q_0
frames/train\NonFight\2KvkZ4yo_0,NonFight,2KvkZ4yo_0
frames/train\NonFight\310cmTrl_0,NonFight,310cmTrl_0
frames/train\NonFight\36zWWHlldS8_0,NonFight,36zWWHlldS8_0
frames/train\NonFight\3CQi0ZCCHvc_0,NonFight,3CQi0ZCCHvc_0
frames/train\NonFight\3CQi0ZCCHvc_1,NonFight,3CQi0ZCCHvc_1
frames/train\NonFight\3CQi0ZCCHvc_2,NonFight,3CQi0ZCCHvc_2
frames/train\NonFight\3djtKN3k_0,NonFight,3djtKN3k_0
frames/train\NonFight\3Edebh8P_0,NonFight,3Edebh8P_0
frames/train\NonFight\3GUaHts0_0,NonFight,3GUaHts0_0
frames/train\NonFight\3HCpeji1_0,NonFight,3HCpeji1_0
frames/train\NonFight\3kpviz7lAMY_0,NonFight,3kpviz7lAMY_0
frames/train\NonFight\3OKArbzg1uc_0,NonFight,3OKArbzg1uc_0
frames/train\NonFight\3pRrZ9TS_0,NonFight,3pRrZ9TS_0
frames/train\NonFight\3qsou7p57Nk_0,NonFight,3qsou7p57Nk_0
frames/train\NonFight\3qsou7p57Nk_1,NonFight,3qsou7p57Nk_1
frames/train\NonFight\3SS0E4SmTk8_0,NonFight,3SS0E4SmTk8_0
frames/train\NonFight\3SS0E4SmTk8_1,NonFight,3SS0E4SmTk8_1
frames/train\NonFight\3SS0E4SmTk8_2,NonFight,3SS0E4SmTk8_2
frames/train\NonFight\3TQqO4N8_0,NonFight,3TQqO4N8_0
frames/train\NonFight\3Vw7MoNBgx4_0,NonFight,3Vw7MoNBgx4_0
frames/train\NonFight\3Vw7MoNBgx4_1,NonFight,3Vw7MoNBgx4_1
frames/train\NonFight\3z7ncTuu_0,NonFight,3z7ncTuu_0
frames/train\NonFight\3ZY4hpms_0,NonFight,3ZY4hpms_0
frames/train\NonFight\40l8LuP4_0,NonFight,40l8LuP4_0
frames/train\NonFight\4Fqxw7Nl_0,NonFight,4Fqxw7Nl_0
frames/train\NonFight\4fY0Iv4t_0,NonFight,4fY0Iv4t_0
frames/train\NonFight\4grE6XdY_0,NonFight,4grE6XdY_0
frames/train\NonFight\4HH7yMU8y9A_0,NonFight,4HH7yMU8y9A_0
frames/train\NonFight\4HH7yMU8y9A_1,NonFight,4HH7yMU8y9A_1
frames/train\NonFight\4HH7yMU8y9A_2,NonFight,4HH7yMU8y9A_2
frames/train\NonFight\4HH7yMU8y9A_3,NonFight,4HH7yMU8y9A_3
frames/train\NonFight\4jZvTj4j_0,NonFight,4jZvTj4j_0
frames/train\NonFight\4RgIlSIB_0,NonFight,4RgIlSIB_0
frames/train\NonFight\4RqDG4I4iAk_0,NonFight,4RqDG4I4iAk_0
frames/train\NonFight\4RqDG4I4iAk_1,NonFight,4RqDG4I4iAk_1
frames/train\NonFight\4RqDG4I4iAk_2,NonFight,4RqDG4I4iAk_2
frames/train\NonFight\4x9VdiCc_0,NonFight,4x9VdiCc_0
frames/train\NonFight\4yTlGiDoxBo_0,NonFight,4yTlGiDoxBo_0
frames/train\NonFight\4yTlGiDoxBo_1,NonFight,4yTlGiDoxBo_1
frames/train\NonFight\4yTlGiDoxBo_2,NonFight,4yTlGiDoxBo_2
frames/train\NonFight\551_wlV44GU_0,NonFight,551_wlV44GU_0
frames/train\NonFight\551_wlV44GU_1,NonFight,551_wlV44GU_1
frames/train\NonFight\5CwYc67y_0,NonFight,5CwYc67y_0
frames/train\NonFight\5ieZt2nc_0,NonFight,5ieZt2nc_0
frames/train\NonFight\5RayT2Vy0EA_0,NonFight,5RayT2Vy0EA_0
frames/train\NonFight\5RayT2Vy0EA_1,NonFight,5RayT2Vy0EA_1
frames/train\NonFight\5RayT2Vy0EA_2,NonFight,5RayT2Vy0EA_2
frames/train\NonFight\5z1f5blMBdk_0,NonFight,5z1f5blMBdk_0
frames/train\NonFight\5zVqOS0l_0,NonFight,5zVqOS0l_0
frames/train\NonFight\6b254l7P_0,NonFight,6b254l7P_0
frames/train\NonFight\6Dej3-k3MRE_0,NonFight,6Dej3-k3MRE_0
frames/train\NonFight\6Dej3-k3MRE_1,NonFight,6Dej3-k3MRE_1
frames/train\NonFight\6Dej3-k3MRE_2,NonFight,6Dej3-k3MRE_2
frames/train\NonFight\6hots6jj_0,NonFight,6hots6jj_0
frames/train\NonFight\6JmCJbug_0,NonFight,6JmCJbug_0
frames/train\NonFight\6mrIIcAQ2fI_0,NonFight,6mrIIcAQ2fI_0
frames/train\NonFight\6mrIIcAQ2fI_1,NonFight,6mrIIcAQ2fI_1
frames/train\NonFight\6MSwCc0a_0,NonFight,6MSwCc0a_0
frames/train\NonFight\6n48sGUq_0,NonFight,6n48sGUq_0
frames/train\NonFight\6YmBBzyX_0,NonFight,6YmBBzyX_0
frames/train\NonFight\7-e3_UW7L7U_0,NonFight,7-e3_UW7L7U_0
frames/train\NonFight\7icHwpC_d44_0,NonFight,7icHwpC_d44_0
frames/train\NonFight\7KXPekwe_0,NonFight,7KXPekwe_0
frames/train\NonFight\7QgVKRHB_0,NonFight,7QgVKRHB_0
frames/train\NonFight\7qtRgyFsk3s_0,NonFight,7qtRgyFsk3s_0
frames/train\NonFight\7qtRgyFsk3s_1,NonFight,7qtRgyFsk3s_1
frames/train\NonFight\7R1m3V8C30g_0,NonFight,7R1m3V8C30g_0
frames/train\NonFight\7R1m3V8C30g_1,NonFight,7R1m3V8C30g_1
frames/train\NonFight\80ySNph9_0,NonFight,80ySNph9_0
frames/train\NonFight\85dkGMed_0,NonFight,85dkGMed_0
frames/train\NonFight\86lUShJD_0,NonFight,86lUShJD_0
frames/train\NonFight\88ndrvAZpE8_0,NonFight,88ndrvAZpE8_0
frames/train\NonFight\88ndrvAZpE8_1,NonFight,88ndrvAZpE8_1
frames/train\NonFight\8MuRpAyP_0,NonFight,8MuRpAyP_0
frames/train\NonFight\8pKKdS7rhXo_0,NonFight,8pKKdS7rhXo_0
frames/train\NonFight\8PuNOqvh_0,NonFight,8PuNOqvh_0
frames/train\NonFight\8SWZq5we_fk_0,NonFight,8SWZq5we_fk_0
frames/train\NonFight\8SWZq5we_fk_1,NonFight,8SWZq5we_fk_1
frames/train\NonFight\8SWZq5we_fk_2,NonFight,8SWZq5we_fk_2
frames/train\NonFight\8U6x0VMW_0,NonFight,8U6x0VMW_0
frames/train\NonFight\8VqTmuq4HcI_0,NonFight,8VqTmuq4HcI_0
frames/train\NonFight\8VqTmuq4HcI_1,NonFight,8VqTmuq4HcI_1
frames/train\NonFight\8VqTmuq4HcI_2,NonFight,8VqTmuq4HcI_2
frames/train\NonFight\9CeKXVvD_0,NonFight,9CeKXVvD_0
frames/train\NonFight\9C_LQa7nnFg_0,NonFight,9C_LQa7nnFg_0
frames/train\NonFight\9C_LQa7nnFg_1,NonFight,9C_LQa7nnFg_1
frames/train\NonFight\9C_LQa7nnFg_2,NonFight,9C_LQa7nnFg_2
frames/train\NonFight\9F6pZn73_0,NonFight,9F6pZn73_0
frames/train\NonFight\9GFNxpur_0,NonFight,9GFNxpur_0
frames/train\NonFight\9haGKtHJ_0,NonFight,9haGKtHJ_0
frames/train\NonFight\9Jss3rP1_0,NonFight,9Jss3rP1_0
frames/train\NonFight\9N4HikpX_0,NonFight,9N4HikpX_0
frames/train\NonFight\9nFtxkJ7ywg_0,NonFight,9nFtxkJ7ywg_0
frames/train\NonFight\9qjOCoE7_0,NonFight,9qjOCoE7_0
frames/train\NonFight\9U8J4abJGDg_0,NonFight,9U8J4abJGDg_0
frames/train\NonFight\9uvZbSsy_0,NonFight,9uvZbSsy_0
frames/train\NonFight\a2kw3cfb_0,NonFight,a2kw3cfb_0
frames/train\NonFight\a2qLzOu_n0s_0,NonFight,a2qLzOu_n0s_0
frames/train\NonFight\a39igxDY_0,NonFight,a39igxDY_0
frames/train\NonFight\a7gBQaAFEtw_0,NonFight,a7gBQaAFEtw_0
frames/train\NonFight\a7gBQaAFEtw_1,NonFight,a7gBQaAFEtw_1
frames/train\NonFight\a7gBQaAFEtw_2,NonFight,a7gBQaAFEtw_2
frames/train\NonFight\a7gBQaAFEtw_3,NonFight,a7gBQaAFEtw_3
frames/train\NonFight\a7gBQaAFEtw_4,NonFight,a7gBQaAFEtw_4
frames/train\NonFight\a7gBQaAFEtw_5,NonFight,a7gBQaAFEtw_5
frames/train\NonFight\AbD9xwut_0,NonFight,AbD9xwut_0
frames/train\NonFight\Ae3RYgGF_0,NonFight,Ae3RYgGF_0
frames/train\NonFight\AEGjLggu_0,NonFight,AEGjLggu_0
frames/train\NonFight\AF4Rk1I2_0,NonFight,AF4Rk1I2_0
frames/train\NonFight\AG0ofjSP_0,NonFight,AG0ofjSP_0
frames/train\NonFight\aGfwZ3E4_0,NonFight,aGfwZ3E4_0
frames/train\NonFight\ajJRyYZUEtA_0,NonFight,ajJRyYZUEtA_0
frames/train\NonFight\ajJRyYZUEtA_1,NonFight,ajJRyYZUEtA_1
frames/train\NonFight\ajJRyYZUEtA_2,NonFight,ajJRyYZUEtA_2
frames/train\NonFight\aKgSasWRJ2s_0,NonFight,aKgSasWRJ2s_0
frames/train\NonFight\aKK0B4kpKZA_0,NonFight,aKK0B4kpKZA_0
frames/train\NonFight\Am9mUxPTvK4_0,NonFight,Am9mUxPTvK4_0
frames/train\NonFight\aoFX2ZCB_0,NonFight,aoFX2ZCB_0
frames/train\NonFight\API3q8TBGu4_0,NonFight,API3q8TBGu4_0
frames/train\NonFight\API3q8TBGu4_1,NonFight,API3q8TBGu4_1
frames/train\NonFight\aQysMqg0K7M_0,NonFight,aQysMqg0K7M_0
frames/train\NonFight\aQysMqg0K7M_1,NonFight,aQysMqg0K7M_1
frames/train\NonFight\aQysMqg0K7M_2,NonFight,aQysMqg0K7M_2
frames/train\NonFight\aQysMqg0K7M_3,NonFight,aQysMqg0K7M_3
frames/train\NonFight\aRvWjteA_0,NonFight,aRvWjteA_0
frames/train\NonFight\arXD3QM2_0,NonFight,arXD3QM2_0
frames/train\NonFight\as4zD6d86q0_0,NonFight,as4zD6d86q0_0
frames/train\NonFight\AsGAgf8U2rk_0,NonFight,AsGAgf8U2rk_0
frames/train\NonFight\Assault005_x264_0,NonFight,Assault005_x264_0
frames/train\NonFight\Assault005_x264_1,NonFight,Assault005_x264_1
frames/train\NonFight\Assault009_x264_0,NonFight,Assault009_x264_0
frames/train\NonFight\Assault009_x264_1,NonFight,Assault009_x264_1
frames/train\NonFight\Assault010_x264_0,NonFight,Assault010_x264_0
frames/train\NonFight\Assault010_x264_1,NonFight,Assault010_x264_1
frames/train\NonFight\Assault011_x264_0,NonFight,Assault011_x264_0
frames/train\NonFight\Assault011_x264_1,NonFight,Assault011_x264_1
frames/train\NonFight\AszvEN7z_0,NonFight,AszvEN7z_0
frames/train\NonFight\ATDMY6PzK9U_0,NonFight,ATDMY6PzK9U_0
frames/train\NonFight\az7WDDFT_0,NonFight,az7WDDFT_0
frames/train\NonFight\B3UdlWcs_0,NonFight,B3UdlWcs_0
frames/train\NonFight\B6DO4tXb_0,NonFight,B6DO4tXb_0
frames/train\NonFight\b6XfVAZC9Zs_0,NonFight,b6XfVAZC9Zs_0
frames/train\NonFight\b6XfVAZC9Zs_1,NonFight,b6XfVAZC9Zs_1
frames/train\NonFight\b6XfVAZC9Zs_2,NonFight,b6XfVAZC9Zs_2
frames/train\NonFight\b9I5dDvH_0,NonFight,b9I5dDvH_0
frames/train\NonFight\bd48s5BpoGY_0,NonFight,bd48s5BpoGY_0
frames/train\NonFight\BEoVUtDm_0,NonFight,BEoVUtDm_0
frames/train\NonFight\bK1saynI_0,NonFight,bK1saynI_0
frames/train\NonFight\BKtajPcB_0,NonFight,BKtajPcB_0
frames/train\NonFight\BOLcNZ5O_0,NonFight,BOLcNZ5O_0
frames/train\NonFight\BOt8ZMpM_0,NonFight,BOt8ZMpM_0
frames/train\NonFight\BpargJW29Wo_0,NonFight,BpargJW29Wo_0
frames/train\NonFight\BpargJW29Wo_1,NonFight,BpargJW29Wo_1
frames/train\NonFight\bpbiA2sr_0,NonFight,bpbiA2sr_0
frames/train\NonFight\bQHNsRpQOIE_0,NonFight,bQHNsRpQOIE_0
frames/train\NonFight\bQHNsRpQOIE_1,NonFight,bQHNsRpQOIE_1
frames/train\NonFight\bQHNsRpQOIE_2,NonFight,bQHNsRpQOIE_2
frames/train\NonFight\bUaC34RU_0,NonFight,bUaC34RU_0
frames/train\NonFight\BUjGBAPb_0,NonFight,BUjGBAPb_0
frames/train\NonFight\c1bRFt0x_0,NonFight,c1bRFt0x_0
frames/train\NonFight\c1PJngmt_0,NonFight,c1PJngmt_0
frames/train\NonFight\C3cT1JGv_0,NonFight,C3cT1JGv_0
frames/train\NonFight\C4SQF-UZzkA_0,NonFight,C4SQF-UZzkA_0
frames/train\NonFight\C4SQF-UZzkA_1,NonFight,C4SQF-UZzkA_1
frames/train\NonFight\C4SQF-UZzkA_2,NonFight,C4SQF-UZzkA_2
frames/train\NonFight\C76VU1PQ_0,NonFight,C76VU1PQ_0
frames/train\NonFight\c7j3qEqO_0,NonFight,c7j3qEqO_0
frames/train\NonFight\C7sNO3e2_0,NonFight,C7sNO3e2_0
frames/train\NonFight\C7Ty4ui5_0,NonFight,C7Ty4ui5_0
frames/train\NonFight\cAp5A44HRS8_0,NonFight,cAp5A44HRS8_0
frames/train\NonFight\cAp5A44HRS8_1,NonFight,cAp5A44HRS8_1
frames/train\NonFight\cErr6pCN_0,NonFight,cErr6pCN_0
frames/train\NonFight\cfks5NXs_0,NonFight,cfks5NXs_0
frames/train\NonFight\cfOKjx8l_0,NonFight,cfOKjx8l_0
frames/train\NonFight\CfPgoKqk_0,NonFight,CfPgoKqk_0
frames/train\NonFight\cHsy9xWM_0,NonFight,cHsy9xWM_0
frames/train\NonFight\cJvLTWGs-SE_0,NonFight,cJvLTWGs-SE_0
frames/train\NonFight\cJvLTWGs-SE_1,NonFight,cJvLTWGs-SE_1
frames/train\NonFight\CKzrrb7E_0,NonFight,CKzrrb7E_0
frames/train\NonFight\cLsPLNQn_0,NonFight,cLsPLNQn_0
frames/train\NonFight\cPeNUm31_0,NonFight,cPeNUm31_0
frames/train\NonFight\CPGf41PN_0,NonFight,CPGf41PN_0
frames/train\NonFight\CqJB8ZWLZ-o_0,NonFight,CqJB8ZWLZ-o_0
frames/train\NonFight\CqJB8ZWLZ-o_1,NonFight,CqJB8ZWLZ-o_1
frames/train\NonFight\CqJB8ZWLZ-o_2,NonFight,CqJB8ZWLZ-o_2
frames/train\NonFight\CqJB8ZWLZ-o_3,NonFight,CqJB8ZWLZ-o_3
frames/train\NonFight\cqP8OyUh_0,NonFight,cqP8OyUh_0
frames/train\NonFight\cURNFrn5_0,NonFight,cURNFrn5_0
frames/train\NonFight\cVYo5yT2_0,NonFight,cVYo5yT2_0
frames/train\NonFight\cWJ92fkhME4_0,NonFight,cWJ92fkhME4_0
frames/train\NonFight\cwLtq5Y3_0,NonFight,cwLtq5Y3_0
frames/train\NonFight\d1b2n9qX_0,NonFight,d1b2n9qX_0
frames/train\NonFight\d3WwO8eM_0,NonFight,d3WwO8eM_0
frames/train\NonFight\D6cjNRiP_0,NonFight,D6cjNRiP_0
frames/train\NonFight\DAMfrqpC_0,NonFight,DAMfrqpC_0
frames/train\NonFight\dBllnaSKVfQ_0,NonFight,dBllnaSKVfQ_0
frames/train\NonFight\dDNWfVPw_0,NonFight,dDNWfVPw_0
frames/train\NonFight\DIsQwAdR8MI_0,NonFight,DIsQwAdR8MI_0
frames/train\NonFight\DjLWv5mr_0,NonFight,DjLWv5mr_0
frames/train\NonFight\dkTzP0SB_0,NonFight,dkTzP0SB_0
frames/train\NonFight\DL2gWMZA_0,NonFight,DL2gWMZA_0
frames/train\NonFight\dNDOYLTf_0,NonFight,dNDOYLTf_0
frames/train\NonFight\dOM7frJMFbc_0,NonFight,dOM7frJMFbc_0
frames/train\NonFight\dOM7frJMFbc_1,NonFight,dOM7frJMFbc_1
frames/train\NonFight\dOM7frJMFbc_2,NonFight,dOM7frJMFbc_2
frames/train\NonFight\dOM7frJMFbc_3,NonFight,dOM7frJMFbc_3
frames/train\NonFight\dOo2X5wR_0,NonFight,dOo2X5wR_0
frames/train\NonFight\dP20avzQAf8_0,NonFight,dP20avzQAf8_0
frames/train\NonFight\dPV9BZrq_0,NonFight,dPV9BZrq_0
frames/train\NonFight\DrKgJwIv_0,NonFight,DrKgJwIv_0
frames/train\NonFight\dRlBBYvf_0,NonFight,dRlBBYvf_0
frames/train\NonFight\DRlOjUNi_0,NonFight,DRlOjUNi_0
frames/train\NonFight\dt8YUGoOSgQ_0,NonFight,dt8YUGoOSgQ_0
frames/train\NonFight\dt8YUGoOSgQ_1,NonFight,dt8YUGoOSgQ_1
frames/train\NonFight\DThokDTW_0,NonFight,DThokDTW_0
frames/train\NonFight\DTq6Gu30-uA_0,NonFight,DTq6Gu30-uA_0
frames/train\NonFight\DTq6Gu30-uA_1,NonFight,DTq6Gu30-uA_1
frames/train\NonFight\DTq6Gu30-uA_2,NonFight,DTq6Gu30-uA_2
frames/train\NonFight\DWEBHWM9_0,NonFight,DWEBHWM9_0
frames/train\NonFight\DX5wwFlF_0,NonFight,DX5wwFlF_0
frames/train\NonFight\DZdLP0rd_0,NonFight,DZdLP0rd_0
frames/train\NonFight\d_93UNyiVM4_0,NonFight,d_93UNyiVM4_0
frames/train\NonFight\d_93UNyiVM4_1,NonFight,d_93UNyiVM4_1
frames/train\NonFight\E0Huf4Qi0JE_0,NonFight,E0Huf4Qi0JE_0
frames/train\NonFight\E0rUpvbX_0,NonFight,E0rUpvbX_0
frames/train\NonFight\E2gqgFNyPL8_0,NonFight,E2gqgFNyPL8_0
frames/train\NonFight\E2gqgFNyPL8_1,NonFight,E2gqgFNyPL8_1
frames/train\NonFight\E2gqgFNyPL8_2,NonFight,E2gqgFNyPL8_2
frames/train\NonFight\e4U3gEDEB58_0,NonFight,e4U3gEDEB58_0
frames/train\NonFight\e6iHy7V5_0,NonFight,e6iHy7V5_0
frames/train\NonFight\e7tarNsO_0,NonFight,e7tarNsO_0
frames/train\NonFight\EBwt3Thb_0,NonFight,EBwt3Thb_0
frames/train\NonFight\EckGCByW_0,NonFight,EckGCByW_0
frames/train\NonFight\EDaOod1H_0,NonFight,EDaOod1H_0
frames/train\NonFight\eF5S8iGLAm4_0,NonFight,eF5S8iGLAm4_0
frames/train\NonFight\eF5S8iGLAm4_1,NonFight,eF5S8iGLAm4_1
frames/train\NonFight\EGhykgb4_0,NonFight,EGhykgb4_0
frames/train\NonFight\EizIwdII_0,NonFight,EizIwdII_0
frames/train\NonFight\ELL0jBUP_0,NonFight,ELL0jBUP_0
frames/train\NonFight\emGsAcqs_0,NonFight,emGsAcqs_0
frames/train\NonFight\eNoGYdL1_0,NonFight,eNoGYdL1_0
frames/train\NonFight\ep1_I0f-u7g_0,NonFight,ep1_I0f-u7g_0
frames/train\NonFight\ep1_I0f-u7g_1,NonFight,ep1_I0f-u7g_1
frames/train\NonFight\EUgjFWbm_0,NonFight,EUgjFWbm_0
frames/train\NonFight\eUtGwBik_0,NonFight,eUtGwBik_0
frames/train\NonFight\ev8va5uR_0,NonFight,ev8va5uR_0
frames/train\NonFight\f50PQz7mXds_0,NonFight,f50PQz7mXds_0
frames/train\NonFight\f50PQz7mXds_1,NonFight,f50PQz7mXds_1
frames/train\NonFight\F7W6PQ3V3y8_0,NonFight,F7W6PQ3V3y8_0
frames/train\NonFight\F7W6PQ3V3y8_1,NonFight,F7W6PQ3V3y8_1
frames/train\NonFight\F7W6PQ3V3y8_2,NonFight,F7W6PQ3V3y8_2
frames/train\NonFight\F7W6PQ3V3y8_3,NonFight,F7W6PQ3V3y8_3
frames/train\NonFight\f9jcrHqO_0,NonFight,f9jcrHqO_0
frames/train\NonFight\FB3eqRE8_0,NonFight,FB3eqRE8_0
frames/train\NonFight\fBwfFDcgJlk_0,NonFight,fBwfFDcgJlk_0
frames/train\NonFight\fBwfFDcgJlk_1,NonFight,fBwfFDcgJlk_1
frames/train\NonFight\fHOVzWgX_0,NonFight,fHOVzWgX_0
frames/train\NonFight\Fighting014_x264_0,NonFight,Fighting014_x264_0
frames/train\NonFight\Fighting014_x264_1,NonFight,Fighting014_x264_1
frames/train\NonFight\fJkWWpNB_0,NonFight,fJkWWpNB_0
frames/train\NonFight\fJMvC8TV_0,NonFight,fJMvC8TV_0
frames/train\NonFight\Fk3lg4wG_0,NonFight,Fk3lg4wG_0
frames/train\NonFight\FKl98mfo_0,NonFight,FKl98mfo_0
frames/train\NonFight\fMmvH1Fa_0,NonFight,fMmvH1Fa_0
frames/train\NonFight\Fn4sSVbO_0,NonFight,Fn4sSVbO_0
frames/train\NonFight\fNy9LoED_0,NonFight,fNy9LoED_0
frames/train\NonFight\FPU7QpO4_0,NonFight,FPU7QpO4_0
frames/train\NonFight\FrwBev61_0,NonFight,FrwBev61_0
frames/train\NonFight\FSaZ8wiFw8Q_0,NonFight,FSaZ8wiFw8Q_0
frames/train\NonFight\fvtpgsrF_0,NonFight,fvtpgsrF_0
frames/train\NonFight\fwEk96k8g_I_0,NonFight,fwEk96k8g_I_0
frames/train\NonFight\fwEk96k8g_I_1,NonFight,fwEk96k8g_I_1
frames/train\NonFight\FWsNU4WI_0,NonFight,FWsNU4WI_0
frames/train\NonFight\FZDDNtcaBcw_0,NonFight,FZDDNtcaBcw_0
frames/train\NonFight\G0rgy9Ts_0,NonFight,G0rgy9Ts_0
frames/train\NonFight\g3QdfSDk_0,NonFight,g3QdfSDk_0
frames/train\NonFight\g9nMwbpZ_0,NonFight,g9nMwbpZ_0
frames/train\NonFight\G9uNZGcK_0,NonFight,G9uNZGcK_0
frames/train\NonFight\gAFkygeJ_0,NonFight,gAFkygeJ_0
frames/train\NonFight\gBBRxXBI_0,NonFight,gBBRxXBI_0
frames/train\NonFight\gDeDWPVe_0,NonFight,gDeDWPVe_0
frames/train\NonFight\gEODOSeI_0,NonFight,gEODOSeI_0
frames/train\NonFight\GgT095uX_0,NonFight,GgT095uX_0
frames/train\NonFight\gHcG_c1i4uE_0,NonFight,gHcG_c1i4uE_0
frames/train\NonFight\gHcG_c1i4uE_1,NonFight,gHcG_c1i4uE_1
frames/train\NonFight\GhZRf4GIw0w_0,NonFight,GhZRf4GIw0w_0
frames/train\NonFight\gI4u3PwG_0,NonFight,gI4u3PwG_0
frames/train\NonFight\gJDvtfRrM7k_0,NonFight,gJDvtfRrM7k_0
frames/train\NonFight\gk0v57Xn_0,NonFight,gk0v57Xn_0
frames/train\NonFight\GL9jSSxg_0,NonFight,GL9jSSxg_0
frames/train\NonFight\gNUhUpxZ_0,NonFight,gNUhUpxZ_0
frames/train\NonFight\GodUly2k_0,NonFight,GodUly2k_0
frames/train\NonFight\golJWJCak1k_0,NonFight,golJWJCak1k_0
frames/train\NonFight\golJWJCak1k_1,NonFight,golJWJCak1k_1
frames/train\NonFight\GqDA8E4j_0,NonFight,GqDA8E4j_0
frames/train\NonFight\Gr3ikl6A2bE_0,NonFight,Gr3ikl6A2bE_0
frames/train\NonFight\gR4OsEPl894_0,NonFight,gR4OsEPl894_0
frames/train\NonFight\gR4OsEPl894_1,NonFight,gR4OsEPl894_1
frames/train\NonFight\gR4OsEPl894_2,NonFight,gR4OsEPl894_2
frames/train\NonFight\gR4OsEPl894_3,NonFight,gR4OsEPl894_3
frames/train\NonFight\grxri53x_0,NonFight,grxri53x_0
frames/train\NonFight\gSmdNZya_0,NonFight,gSmdNZya_0
frames/train\NonFight\gUYfrLHe_0,NonFight,gUYfrLHe_0
frames/train\NonFight\GVdnjHyU_0,NonFight,GVdnjHyU_0
frames/train\NonFight\gzozjcrr_0,NonFight,gzozjcrr_0
frames/train\NonFight\GzPhV725_0,NonFight,GzPhV725_0
frames/train\NonFight\gzrwD4E5_0,NonFight,gzrwD4E5_0
frames/train\NonFight\GZWxDB1c_0,NonFight,GZWxDB1c_0
frames/train\NonFight\H1AzC-GyKto_0,NonFight,H1AzC-GyKto_0
frames/train\NonFight\H1AzC-GyKto_1,NonFight,H1AzC-GyKto_1
frames/train\NonFight\H1AzC-GyKto_2,NonFight,H1AzC-GyKto_2
frames/train\NonFight\H1AzC-GyKto_3,NonFight,H1AzC-GyKto_3
frames/train\NonFight\H68yvSdp_0,NonFight,H68yvSdp_0
frames/train\NonFight\HAh9eqtO_0,NonFight,HAh9eqtO_0
frames/train\NonFight\HAoCHqFV_0,NonFight,HAoCHqFV_0
frames/train\NonFight\HbfZYAXw_0,NonFight,HbfZYAXw_0
frames/train\NonFight\hbTlgnTw_0,NonFight,hbTlgnTw_0
frames/train\NonFight\HG8xQFSd_0,NonFight,HG8xQFSd_0
frames/train\NonFight\hgMpDK55_0,NonFight,hgMpDK55_0
frames/train\NonFight\HodGUj8s_0,NonFight,HodGUj8s_0
frames/train\NonFight\hP8CJJcx_0,NonFight,hP8CJJcx_0
frames/train\NonFight\hrBh5x_3hW0_0,NonFight,hrBh5x_3hW0_0
frames/train\NonFight\hrBh5x_3hW0_1,NonFight,hrBh5x_3hW0_1
frames/train\NonFight\Hsvzcq2l_0,NonFight,Hsvzcq2l_0
frames/train\NonFight\HUuRelBW_0,NonFight,HUuRelBW_0
frames/train\NonFight\HvfhYJ8b_0,NonFight,HvfhYJ8b_0
frames/train\NonFight\HVRUChVh_0,NonFight,HVRUChVh_0
frames/train\NonFight\HVSv9sgz2ZI_0,NonFight,HVSv9sgz2ZI_0
frames/train\NonFight\HVSv9sgz2ZI_1,NonFight,HVSv9sgz2ZI_1
frames/train\NonFight\HVSv9sgz2ZI_2,NonFight,HVSv9sgz2ZI_2
frames/train\NonFight\HVSv9sgz2ZI_3,NonFight,HVSv9sgz2ZI_3
frames/train\NonFight\HW48LUZKOL4_0,NonFight,HW48LUZKOL4_0
frames/train\NonFight\HW48LUZKOL4_1,NonFight,HW48LUZKOL4_1
frames/train\NonFight\HW48LUZKOL4_2,NonFight,HW48LUZKOL4_2
frames/train\NonFight\HW48LUZKOL4_3,NonFight,HW48LUZKOL4_3
frames/train\NonFight\hWBjrqFS_0,NonFight,hWBjrqFS_0
frames/train\NonFight\HYkbCvPj_0,NonFight,HYkbCvPj_0
frames/train\NonFight\H_VQJU0Bqpc_0,NonFight,H_VQJU0Bqpc_0
frames/train\NonFight\H_VQJU0Bqpc_1,NonFight,H_VQJU0Bqpc_1
frames/train\NonFight\H_VQJU0Bqpc_2,NonFight,H_VQJU0Bqpc_2
frames/train\NonFight\H_VQJU0Bqpc_3,NonFight,H_VQJU0Bqpc_3
frames/train\NonFight\I-x0G5pAan0_0,NonFight,I-x0G5pAan0_0
frames/train\NonFight\I-x0G5pAan0_1,NonFight,I-x0G5pAan0_1
frames/train\NonFight\i2sLegg2JPA_0,NonFight,i2sLegg2JPA_0
frames/train\NonFight\i2sLegg2JPA_1,NonFight,i2sLegg2JPA_1
frames/train\NonFight\i4OubIZo_0,NonFight,i4OubIZo_0
frames/train\NonFight\i5xJxtv4gXs_0,NonFight,i5xJxtv4gXs_0
frames/train\NonFight\i5xJxtv4gXs_1,NonFight,i5xJxtv4gXs_1
frames/train\NonFight\i5xJxtv4gXs_2,NonFight,i5xJxtv4gXs_2
frames/train\NonFight\i7MJRWrW_0,NonFight,i7MJRWrW_0
frames/train\NonFight\I7u5I8Oa_0,NonFight,I7u5I8Oa_0
frames/train\NonFight\IGCZWiP8_0,NonFight,IGCZWiP8_0
frames/train\NonFight\iki0PAvq_0,NonFight,iki0PAvq_0
frames/train\NonFight\iqAmk7ES_0,NonFight,iqAmk7ES_0
frames/train\NonFight\iquSbj5Wqj0_0,NonFight,iquSbj5Wqj0_0
frames/train\NonFight\iRnSE1TL_0,NonFight,iRnSE1TL_0
frames/train\NonFight\Isob76kh_0,NonFight,Isob76kh_0
frames/train\NonFight\iTs901V6_0,NonFight,iTs901V6_0
frames/train\NonFight\itstEXVr_0,NonFight,itstEXVr_0
frames/train\NonFight\IynvwHe9W3U_0,NonFight,IynvwHe9W3U_0
frames/train\NonFight\IynvwHe9W3U_1,NonFight,IynvwHe9W3U_1
frames/train\NonFight\IynvwHe9W3U_2,NonFight,IynvwHe9W3U_2
frames/train\NonFight\IynvwHe9W3U_3,NonFight,IynvwHe9W3U_3
frames/train\NonFight\J2Am3J0z_0,NonFight,J2Am3J0z_0
frames/train\NonFight\J2rsCgMC_0,NonFight,J2rsCgMC_0
frames/train\NonFight\j83up7ni_0,NonFight,j83up7ni_0
frames/train\NonFight\JBRqNBaP_0,NonFight,JBRqNBaP_0
frames/train\NonFight\jbSCSexU_0,NonFight,jbSCSexU_0
frames/train\NonFight\JD9JJbiJ_0,NonFight,JD9JJbiJ_0
frames/train\NonFight\jgjAKGZW_0,NonFight,jgjAKGZW_0
frames/train\NonFight\JgXAUoyJ_0,NonFight,JgXAUoyJ_0
frames/train\NonFight\jILBnY3lB2Q_0,NonFight,jILBnY3lB2Q_0
frames/train\NonFight\jILBnY3lB2Q_1,NonFight,jILBnY3lB2Q_1
frames/train\NonFight\jILBnY3lB2Q_2,NonFight,jILBnY3lB2Q_2
frames/train\NonFight\jILBnY3lB2Q_3,NonFight,jILBnY3lB2Q_3
frames/train\NonFight\jj9SJGft_0,NonFight,jj9SJGft_0
frames/train\NonFight\jOZLjdSi_0,NonFight,jOZLjdSi_0
frames/train\NonFight\JPIeYvRgo6I_0,NonFight,JPIeYvRgo6I_0
frames/train\NonFight\JPIeYvRgo6I_1,NonFight,JPIeYvRgo6I_1
frames/train\NonFight\JPIeYvRgo6I_2,NonFight,JPIeYvRgo6I_2
frames/train\NonFight\JPMLt2ZH_0,NonFight,JPMLt2ZH_0
frames/train\NonFight\jR91oXYV_0,NonFight,jR91oXYV_0
frames/train\NonFight\JsjF2OSJ_0,NonFight,JsjF2OSJ_0
frames/train\NonFight\jTbvVbkUaPM_0,NonFight,jTbvVbkUaPM_0
frames/train\NonFight\jTbvVbkUaPM_1,NonFight,jTbvVbkUaPM_1
frames/train\NonFight\jTbvVbkUaPM_2,NonFight,jTbvVbkUaPM_2
frames/train\NonFight\JwfajujK_0,NonFight,JwfajujK_0
frames/train\NonFight\JWFfsHEG_0,NonFight,JWFfsHEG_0
frames/train\NonFight\JwTPruSFTjk_0,NonFight,JwTPruSFTjk_0
frames/train\NonFight\JwTPruSFTjk_1,NonFight,JwTPruSFTjk_1
frames/train\NonFight\JxpNuQop_0,NonFight,JxpNuQop_0
frames/train\NonFight\jXrwQsZJ_0,NonFight,jXrwQsZJ_0
frames/train\NonFight\K4700BuM_0,NonFight,K4700BuM_0
frames/train\NonFight\kB9NYpu1_0,NonFight,kB9NYpu1_0
frames/train\NonFight\kBSHDWaGFyc_0,NonFight,kBSHDWaGFyc_0
frames/train\NonFight\KDOVTf7T_0,NonFight,KDOVTf7T_0
frames/train\NonFight\kExp3yhspR0_0,NonFight,kExp3yhspR0_0
frames/train\NonFight\kExp3yhspR0_1,NonFight,kExp3yhspR0_1
frames/train\NonFight\kExp3yhspR0_2,NonFight,kExp3yhspR0_2
frames/train\NonFight\kFbpQrq2_0,NonFight,kFbpQrq2_0
frames/train\NonFight\KklEipxk_0,NonFight,KklEipxk_0
frames/train\NonFight\KLEwMKTN_0,NonFight,KLEwMKTN_0
frames/train\NonFight\kLHNW0uRutY_0,NonFight,kLHNW0uRutY_0
frames/train\NonFight\Km94kW0O_0,NonFight,Km94kW0O_0
frames/train\NonFight\kMI2JME3Aag_0,NonFight,kMI2JME3Aag_0
frames/train\NonFight\kMI2JME3Aag_1,NonFight,kMI2JME3Aag_1
frames/train\NonFight\kMI2JME3Aag_2,NonFight,kMI2JME3Aag_2
frames/train\NonFight\kMI2JME3Aag_3,NonFight,kMI2JME3Aag_3
frames/train\NonFight\kMI2JME3Aag_4,NonFight,kMI2JME3Aag_4
frames/train\NonFight\KOaUqaC8_0,NonFight,KOaUqaC8_0
frames/train\NonFight\kOp57sQKMPY_0,NonFight,kOp57sQKMPY_0
frames/train\NonFight\kOp57sQKMPY_1,NonFight,kOp57sQKMPY_1
frames/train\NonFight\kOp57sQKMPY_2,NonFight,kOp57sQKMPY_2
frames/train\NonFight\KQTiHlA11fM_0,NonFight,KQTiHlA11fM_0
frames/train\NonFight\KQTiHlA11fM_1,NonFight,KQTiHlA11fM_1
frames/train\NonFight\KQTiHlA11fM_2,NonFight,KQTiHlA11fM_2
frames/train\NonFight\KQTiHlA11fM_3,NonFight,KQTiHlA11fM_3
frames/train\NonFight\KxOHVkVQ_0,NonFight,KxOHVkVQ_0
frames/train\NonFight\K_7hT4N2QCE_0,NonFight,K_7hT4N2QCE_0
frames/train\NonFight\l4gqDHx9_dI_0,NonFight,l4gqDHx9_dI_0
frames/train\NonFight\l4gqDHx9_dI_1,NonFight,l4gqDHx9_dI_1
frames/train\NonFight\L9tYVvJY_0,NonFight,L9tYVvJY_0
frames/train\NonFight\La60qonu_0,NonFight,La60qonu_0
frames/train\NonFight\La9lzohO_0,NonFight,La9lzohO_0
frames/train\NonFight\LbYQs9oA_0,NonFight,LbYQs9oA_0
frames/train\NonFight\lhxMVtH7_0,NonFight,lhxMVtH7_0
frames/train\NonFight\LiCakkNH_0,NonFight,LiCakkNH_0
frames/train\NonFight\ljLg4lFbS0Y_0,NonFight,ljLg4lFbS0Y_0
frames/train\NonFight\ljLg4lFbS0Y_1,NonFight,ljLg4lFbS0Y_1
frames/train\NonFight\LLo_TXIz5-g_0,NonFight,LLo_TXIz5-g_0
frames/train\NonFight\LLo_TXIz5-g_1,NonFight,LLo_TXIz5-g_1
frames/train\NonFight\lmfaDmCCRoY_0,NonFight,lmfaDmCCRoY_0
frames/train\NonFight\LMNJJere_0,NonFight,LMNJJere_0
frames/train\NonFight\lNAzMZFI_0,NonFight,lNAzMZFI_0
frames/train\NonFight\lQ39ffan_0,NonFight,lQ39ffan_0
frames/train\NonFight\LqW9A21g_0,NonFight,LqW9A21g_0
frames/train\NonFight\lS7tAuv0_0,NonFight,lS7tAuv0_0
frames/train\NonFight\LSJPhJTB_0,NonFight,LSJPhJTB_0
frames/train\NonFight\Lui5zaon_0,NonFight,Lui5zaon_0
frames/train\NonFight\lx4TN9dS_0,NonFight,lx4TN9dS_0
frames/train\NonFight\m3PZvVSL_0,NonFight,m3PZvVSL_0
frames/train\NonFight\M4syignQ_0,NonFight,M4syignQ_0
frames/train\NonFight\Ma1iva6R_0,NonFight,Ma1iva6R_0
frames/train\NonFight\MBxCX6pw_0,NonFight,MBxCX6pw_0
frames/train\NonFight\McDxnU7x_0,NonFight,McDxnU7x_0
frames/train\NonFight\mE9Cp4na_0,NonFight,mE9Cp4na_0
frames/train\NonFight\MhiGg6f7_0,NonFight,MhiGg6f7_0
frames/train\NonFight\MhVfgPWz_0,NonFight,MhVfgPWz_0
frames/train\NonFight\mHY487R6_0,NonFight,mHY487R6_0
frames/train\NonFight\MmUtpm6Z_0,NonFight,MmUtpm6Z_0
frames/train\NonFight\MOST Shocking CCTV footage (_TwPzPRK7dc)_0,NonFight,MOST Shocking CCTV footage (_TwPzPRK7dc)_0
frames/train\NonFight\MOST Shocking CCTV footage (_TwPzPRK7dc)_1,NonFight,MOST Shocking CCTV footage (_TwPzPRK7dc)_1
frames/train\NonFight\mRqg-WXiR7Q_0,NonFight,mRqg-WXiR7Q_0
frames/train\NonFight\muJDFQqbbmA_0,NonFight,muJDFQqbbmA_0
frames/train\NonFight\muJDFQqbbmA_1,NonFight,muJDFQqbbmA_1
frames/train\NonFight\Mv3d3zJy_0,NonFight,Mv3d3zJy_0
frames/train\NonFight\mVAv7aB5_0,NonFight,mVAv7aB5_0
frames/train\NonFight\MvYkXHIi_0,NonFight,MvYkXHIi_0
frames/train\NonFight\MwZvUQRO_0,NonFight,MwZvUQRO_0
frames/train\NonFight\mx0UXBFc_0,NonFight,mx0UXBFc_0
frames/train\NonFight\mX4cQM1xMFc_0,NonFight,mX4cQM1xMFc_0
frames/train\NonFight\MX77f2TD_0,NonFight,MX77f2TD_0
frames/train\NonFight\N1Q9v-saJ_g_0,NonFight,N1Q9v-saJ_g_0
frames/train\NonFight\ndNHBJbS_0,NonFight,ndNHBJbS_0
frames/train\NonFight\NEUya2Rr_0,NonFight,NEUya2Rr_0
frames/train\NonFight\niXRLeON_0,NonFight,niXRLeON_0
frames/train\NonFight\nj9Rc3lY_0,NonFight,nj9Rc3lY_0
frames/train\NonFight\NmNKzttk_0,NonFight,NmNKzttk_0
frames/train\NonFight\NPeKBgURcxI_0,NonFight,NPeKBgURcxI_0
frames/train\NonFight\NPeKBgURcxI_1,NonFight,NPeKBgURcxI_1
frames/train\NonFight\NPeKBgURcxI_2,NonFight,NPeKBgURcxI_2
frames/train\NonFight\NSdXEN1l_0,NonFight,NSdXEN1l_0
frames/train\NonFight\NvYo6CS_i_A_0,NonFight,NvYo6CS_i_A_0
frames/train\NonFight\NvYo6CS_i_A_1,NonFight,NvYo6CS_i_A_1
frames/train\NonFight\NxtwlqSnLbY_0,NonFight,NxtwlqSnLbY_0
frames/train\NonFight\NxtwlqSnLbY_1,NonFight,NxtwlqSnLbY_1
frames/train\NonFight\o8sEvktx_0,NonFight,o8sEvktx_0
frames/train\NonFight\oAeudqZD_0,NonFight,oAeudqZD_0
frames/train\NonFight\OAFsSiyX_0,NonFight,OAFsSiyX_0
frames/train\NonFight\OAfV0xPIhZw_0,NonFight,OAfV0xPIhZw_0
frames/train\NonFight\OAfV0xPIhZw_1,NonFight,OAfV0xPIhZw_1
frames/train\NonFight\OakN3f1N_0,NonFight,OakN3f1N_0
frames/train\NonFight\oByKgGBL_0,NonFight,oByKgGBL_0
frames/train\NonFight\OCseFRss_0,NonFight,OCseFRss_0
frames/train\NonFight\oDGm-DOOyI4_0,NonFight,oDGm-DOOyI4_0
frames/train\NonFight\oDGm-DOOyI4_1,NonFight,oDGm-DOOyI4_1
frames/train\NonFight\oDGm-DOOyI4_2,NonFight,oDGm-DOOyI4_2
frames/train\NonFight\oDWNiATJ_0,NonFight,oDWNiATJ_0
frames/train\NonFight\OdxnpEnn_0,NonFight,OdxnpEnn_0
frames/train\NonFight\OFwYyouR_0,NonFight,OFwYyouR_0
frames/train\NonFight\oG3Qxvq0_0,NonFight,oG3Qxvq0_0
frames/train\NonFight\oIEZ45OCmAw_0,NonFight,oIEZ45OCmAw_0
frames/train\NonFight\okA8k7rF_0,NonFight,okA8k7rF_0
frames/train\NonFight\oLs9ckoV_0,NonFight,oLs9ckoV_0
frames/train\NonFight\oMZpqizQ_0,NonFight,oMZpqizQ_0
frames/train\NonFight\on2HIPgB_0,NonFight,on2HIPgB_0
frames/train\NonFight\OTVE3eLAuUM_0,NonFight,OTVE3eLAuUM_0
frames/train\NonFight\OTVE3eLAuUM_1,NonFight,OTVE3eLAuUM_1
frames/train\NonFight\OTVE3eLAuUM_2,NonFight,OTVE3eLAuUM_2
frames/train\NonFight\OU7AM5fv_0,NonFight,OU7AM5fv_0
frames/train\NonFight\oUqxGhTe_0,NonFight,oUqxGhTe_0
frames/train\NonFight\oVMhWJIpHnc_0,NonFight,oVMhWJIpHnc_0
frames/train\NonFight\oVMhWJIpHnc_1,NonFight,oVMhWJIpHnc_1
frames/train\NonFight\oVMhWJIpHnc_2,NonFight,oVMhWJIpHnc_2
frames/train\NonFight\oW8ySS0rN4Y_0,NonFight,oW8ySS0rN4Y_0
frames/train\NonFight\oYFVr2kK_0,NonFight,oYFVr2kK_0
frames/train\NonFight\OznqyUJq_0,NonFight,OznqyUJq_0
frames/train\NonFight\p19HiyCX7EQ_0,NonFight,p19HiyCX7EQ_0
frames/train\NonFight\P8jyDT3M_0,NonFight,P8jyDT3M_0
frames/train\NonFight\p9d6QmKh_0,NonFight,p9d6QmKh_0
frames/train\NonFight\Pe1uIhp4dAQ_0,NonFight,Pe1uIhp4dAQ_0
frames/train\NonFight\Pe1uIhp4dAQ_1,NonFight,Pe1uIhp4dAQ_1
frames/train\NonFight\PFw7SeFOD04_0,NonFight,PFw7SeFOD04_0
frames/train\NonFight\PFw7SeFOD04_1,NonFight,PFw7SeFOD04_1
frames/train\NonFight\pHiqIppg_0,NonFight,pHiqIppg_0
frames/train\NonFight\pinuwjwm_0,NonFight,pinuwjwm_0
frames/train\NonFight\PJDdPv2b9-s_0,NonFight,PJDdPv2b9-s_0
frames/train\NonFight\PJDdPv2b9-s_1,NonFight,PJDdPv2b9-s_1
frames/train\NonFight\pKOUG5AqLpY_0,NonFight,pKOUG5AqLpY_0
frames/train\NonFight\pKOUG5AqLpY_1,NonFight,pKOUG5AqLpY_1
frames/train\NonFight\pLb6Zimq_0,NonFight,pLb6Zimq_0
frames/train\NonFight\PNoO9WGJ_0,NonFight,PNoO9WGJ_0
frames/train\NonFight\PqB7UvdW_0,NonFight,PqB7UvdW_0
frames/train\NonFight\pqvGKGz7_0,NonFight,pqvGKGz7_0
frames/train\NonFight\pr8yRPMO_0,NonFight,pr8yRPMO_0
frames/train\NonFight\PTy2vx8Ejas_0,NonFight,PTy2vx8Ejas_0
frames/train\NonFight\pU9BTy7h_0,NonFight,pU9BTy7h_0
frames/train\NonFight\PxhG17WC_0,NonFight,PxhG17WC_0
frames/train\NonFight\q2yEYFD5_0,NonFight,q2yEYFD5_0
frames/train\NonFight\q78eIX56_0,NonFight,q78eIX56_0
frames/train\NonFight\Q876qiBJYfA_0,NonFight,Q876qiBJYfA_0
frames/train\NonFight\Q876qiBJYfA_1,NonFight,Q876qiBJYfA_1
frames/train\NonFight\Q876qiBJYfA_2,NonFight,Q876qiBJYfA_2
frames/train\NonFight\QCgEbCBH_0,NonFight,QCgEbCBH_0
frames/train\NonFight\qEeRHumV_0,NonFight,qEeRHumV_0
frames/train\NonFight\qIRZ4SMf_0,NonFight,qIRZ4SMf_0
frames/train\NonFight\qmvilMkD57M_0,NonFight,qmvilMkD57M_0
frames/train\NonFight\qmvilMkD57M_1,NonFight,qmvilMkD57M_1
frames/train\NonFight\qnpure5G_0,NonFight,qnpure5G_0
frames/train\NonFight\Qqfn1urQ_0,NonFight,Qqfn1urQ_0
frames/train\NonFight\qrBAhb8K_0,NonFight,qrBAhb8K_0
frames/train\NonFight\qrWTk-2a13o_0,NonFight,qrWTk-2a13o_0
frames/train\NonFight\qrWTk-2a13o_1,NonFight,qrWTk-2a13o_1
frames/train\NonFight\qrWTk-2a13o_2,NonFight,qrWTk-2a13o_2
frames/train\NonFight\QUGT4a6qcJs_0,NonFight,QUGT4a6qcJs_0
frames/train\NonFight\QzNWGaQi_0,NonFight,QzNWGaQi_0
frames/train\NonFight\R1A_AxUKosk_0,NonFight,R1A_AxUKosk_0
frames/train\NonFight\R1A_AxUKosk_1,NonFight,R1A_AxUKosk_1
frames/train\NonFight\R2x2rOWh_0,NonFight,R2x2rOWh_0
frames/train\NonFight\r8PX3ZJ1_II_0,NonFight,r8PX3ZJ1_II_0
frames/train\NonFight\rbByyS4o_0,NonFight,rbByyS4o_0
frames/train\NonFight\RbpXgk5M1S0_0,NonFight,RbpXgk5M1S0_0
frames/train\NonFight\RbpXgk5M1S0_1,NonFight,RbpXgk5M1S0_1
frames/train\NonFight\RbpXgk5M1S0_2,NonFight,RbpXgk5M1S0_2
frames/train\NonFight\RFAA8QO7_0,NonFight,RFAA8QO7_0
frames/train\NonFight\RfFGwwhG_0,NonFight,RfFGwwhG_0
frames/train\NonFight\RfqBhe5z_0,NonFight,RfqBhe5z_0
frames/train\NonFight\RFUr2krY_0,NonFight,RFUr2krY_0
frames/train\NonFight\RGIpCpdlzI8_0,NonFight,RGIpCpdlzI8_0
frames/train\NonFight\RGIpCpdlzI8_1,NonFight,RGIpCpdlzI8_1
frames/train\NonFight\Ri_poPbOu-k_0,NonFight,Ri_poPbOu-k_0
frames/train\NonFight\Ri_poPbOu-k_1,NonFight,Ri_poPbOu-k_1
frames/train\NonFight\Ri_poPbOu-k_2,NonFight,Ri_poPbOu-k_2
frames/train\NonFight\rjHXmq47_0,NonFight,rjHXmq47_0
frames/train\NonFight\RNOSWjgC_0,NonFight,RNOSWjgC_0
frames/train\NonFight\rp9hJAQE_0,NonFight,rp9hJAQE_0
frames/train\NonFight\RPESrVE2_0,NonFight,RPESrVE2_0
frames/train\NonFight\RQbYptdw_0,NonFight,RQbYptdw_0
frames/train\NonFight\RR23nrP0_0,NonFight,RR23nrP0_0
frames/train\NonFight\rRbZUKgk_0,NonFight,rRbZUKgk_0
frames/train\NonFight\rSGIFH7n_0,NonFight,rSGIFH7n_0
frames/train\NonFight\rSumd9HEmrA_0,NonFight,rSumd9HEmrA_0
frames/train\NonFight\RUwo8c4s_0,NonFight,RUwo8c4s_0
frames/train\NonFight\RVV3lolZ_0,NonFight,RVV3lolZ_0
frames/train\NonFight\rYE6iUUF_0,NonFight,rYE6iUUF_0
frames/train\NonFight\s-jW4cyavW0_0,NonFight,s-jW4cyavW0_0
frames/train\NonFight\s-jW4cyavW0_1,NonFight,s-jW4cyavW0_1
frames/train\NonFight\s2S2nIWk_0,NonFight,s2S2nIWk_0
frames/train\NonFight\S5dmvVF4_0,NonFight,S5dmvVF4_0
frames/train\NonFight\s83GiLts_0,NonFight,s83GiLts_0
frames/train\NonFight\SaIUKN4N_0,NonFight,SaIUKN4N_0
frames/train\NonFight\SCnBiAteLVI_0,NonFight,SCnBiAteLVI_0
frames/train\NonFight\SCnBiAteLVI_1,NonFight,SCnBiAteLVI_1
frames/train\NonFight\SCnBiAteLVI_2,NonFight,SCnBiAteLVI_2
frames/train\NonFight\sHa6YZW9_0,NonFight,sHa6YZW9_0
frames/train\NonFight\sIbVwIO0_0,NonFight,sIbVwIO0_0
frames/train\NonFight\SJ9WphBI_0,NonFight,SJ9WphBI_0
frames/train\NonFight\skycjZcE_0,NonFight,skycjZcE_0
frames/train\NonFight\sLOqgf6N_0,NonFight,sLOqgf6N_0
frames/train\NonFight\snhUvpXC_0,NonFight,snhUvpXC_0
frames/train\NonFight\sPd5Wmkc_0,NonFight,sPd5Wmkc_0
frames/train\NonFight\sq03O3JL_0,NonFight,sq03O3JL_0
frames/train\NonFight\Suv_mMs8J9g_0,NonFight,Suv_mMs8J9g_0
frames/train\NonFight\SVdz24hD_0,NonFight,SVdz24hD_0
frames/train\NonFight\Swr7caI0_0,NonFight,Swr7caI0_0
frames/train\NonFight\sy7BoRGE_0,NonFight,sy7BoRGE_0
frames/train\NonFight\sYGIUeBX_0,NonFight,sYGIUeBX_0
frames/train\NonFight\TfDHgxDm_0,NonFight,TfDHgxDm_0
frames/train\NonFight\tgkbh2d9_0,NonFight,tgkbh2d9_0
frames/train\NonFight\THqDidIr4Xs_0,NonFight,THqDidIr4Xs_0
frames/train\NonFight\THqDidIr4Xs_1,NonFight,THqDidIr4Xs_1
frames/train\NonFight\tIHY2ZFQ_0,NonFight,tIHY2ZFQ_0
frames/train\NonFight\tILABXoHE7s_0,NonFight,tILABXoHE7s_0
frames/train\NonFight\tILABXoHE7s_1,NonFight,tILABXoHE7s_1
frames/train\NonFight\tILABXoHE7s_2,NonFight,tILABXoHE7s_2
frames/train\NonFight\tIvvuvuJFYc_0,NonFight,tIvvuvuJFYc_0
frames/train\NonFight\TJfoIe801t8_0,NonFight,TJfoIe801t8_0
frames/train\NonFight\tmm7AxKl_0,NonFight,tmm7AxKl_0
frames/train\NonFight\tPpXT9VI_0,NonFight,tPpXT9VI_0
frames/train\NonFight\TSHiCcMS_0,NonFight,TSHiCcMS_0
frames/train\NonFight\TuWan04E3gQ_0,NonFight,TuWan04E3gQ_0
frames/train\NonFight\TuWan04E3gQ_1,NonFight,TuWan04E3gQ_1
frames/train\NonFight\TX2ePcRo_0,NonFight,TX2ePcRo_0
frames/train\NonFight\tXk2yvmq_0,NonFight,tXk2yvmq_0
frames/train\NonFight\TYsebroPeGY_0,NonFight,TYsebroPeGY_0
frames/train\NonFight\TYsebroPeGY_1,NonFight,TYsebroPeGY_1
frames/train\NonFight\TYX5vuHO_0,NonFight,TYX5vuHO_0
frames/train\NonFight\tzdvtHL7Akk_0,NonFight,tzdvtHL7Akk_0
frames/train\NonFight\tzdvtHL7Akk_1,NonFight,tzdvtHL7Akk_1
frames/train\NonFight\Tzn3HwZD_0,NonFight,Tzn3HwZD_0
frames/train\NonFight\U1Z1bVRt_0,NonFight,U1Z1bVRt_0
frames/train\NonFight\uAKRFGFR_0,NonFight,uAKRFGFR_0
frames/train\NonFight\UArjSm2Y_0,NonFight,UArjSm2Y_0
frames/train\NonFight\uEzFjs3X_0,NonFight,uEzFjs3X_0
frames/train\NonFight\UFA7LVk0_0,NonFight,UFA7LVk0_0
frames/train\NonFight\ug2tQMG8DC0_0,NonFight,ug2tQMG8DC0_0
frames/train\NonFight\uhTalZ00_0,NonFight,uhTalZ00_0
frames/train\NonFight\UIAGmwT1_0,NonFight,UIAGmwT1_0
frames/train\NonFight\UIsigi4O-sI_0,NonFight,UIsigi4O-sI_0
frames/train\NonFight\UIsigi4O-sI_1,NonFight,UIsigi4O-sI_1
frames/train\NonFight\uLGOlxvv_0,NonFight,uLGOlxvv_0
frames/train\NonFight\ULiIpQ6s_0,NonFight,ULiIpQ6s_0
frames/train\NonFight\umOs1WLBkuo_0,NonFight,umOs1WLBkuo_0
frames/train\NonFight\umOs1WLBkuo_1,NonFight,umOs1WLBkuo_1
frames/train\NonFight\umOs1WLBkuo_2,NonFight,umOs1WLBkuo_2
frames/train\NonFight\uNtsEcFR_0,NonFight,uNtsEcFR_0
frames/train\NonFight\UQ42UqFJ_0,NonFight,UQ42UqFJ_0
frames/train\NonFight\uu3SB2L1_0,NonFight,uu3SB2L1_0
frames/train\NonFight\UuMYxOYm_0,NonFight,UuMYxOYm_0
frames/train\NonFight\UvLAudRA91Y_0,NonFight,UvLAudRA91Y_0
frames/train\NonFight\UvLAudRA91Y_1,NonFight,UvLAudRA91Y_1
frames/train\NonFight\UvLAudRA91Y_2,NonFight,UvLAudRA91Y_2
frames/train\NonFight\uWH7kvNG_0,NonFight,uWH7kvNG_0
frames/train\NonFight\UWmcbEyn_0,NonFight,UWmcbEyn_0
frames/train\NonFight\uWQG2hQT_0,NonFight,uWQG2hQT_0
frames/train\NonFight\uXf4C-YwbtM_0,NonFight,uXf4C-YwbtM_0
frames/train\NonFight\uXf4C-YwbtM_1,NonFight,uXf4C-YwbtM_1
frames/train\NonFight\uyeWsodv_0,NonFight,uyeWsodv_0
frames/train\NonFight\uz4dXoN5_0,NonFight,uz4dXoN5_0
frames/train\NonFight\v0wUQPs4_0,NonFight,v0wUQPs4_0
frames/train\NonFight\V3EI1n_7JwU_0,NonFight,V3EI1n_7JwU_0
frames/train\NonFight\V726w0IKCp4_0,NonFight,V726w0IKCp4_0
frames/train\NonFight\V89iCOJ1_0,NonFight,V89iCOJ1_0
frames/train\NonFight\v8cACThQ_0,NonFight,v8cACThQ_0
frames/train\NonFight\vBwKQfJYG1Q_0,NonFight,vBwKQfJYG1Q_0
frames/train\NonFight\vBwKQfJYG1Q_1,NonFight,vBwKQfJYG1Q_1
frames/train\NonFight\VbwTMJroTbI_0,NonFight,VbwTMJroTbI_0
frames/train\NonFight\VbwTMJroTbI_1,NonFight,VbwTMJroTbI_1
frames/train\NonFight\vCO6CZNt_0,NonFight,vCO6CZNt_0
frames/train\NonFight\Vd27cYFthms_0,NonFight,Vd27cYFthms_0
frames/train\NonFight\vGCZpdPR_0,NonFight,vGCZpdPR_0
frames/train\NonFight\vJDAaUzYOi8_0,NonFight,vJDAaUzYOi8_0
frames/train\NonFight\vJDAaUzYOi8_1,NonFight,vJDAaUzYOi8_1
frames/train\NonFight\VjDGXzWt_0,NonFight,VjDGXzWt_0
frames/train\NonFight\VnDOPZls_0,NonFight,VnDOPZls_0
frames/train\NonFight\vnUS5WN7_0,NonFight,vnUS5WN7_0
frames/train\NonFight\VpnCjE1l_0,NonFight,VpnCjE1l_0
frames/train\NonFight\vQKHxtrdEHM_0,NonFight,vQKHxtrdEHM_0
frames/train\NonFight\vQKHxtrdEHM_1,NonFight,vQKHxtrdEHM_1
frames/train\NonFight\vu6lIsQm_0,NonFight,vu6lIsQm_0
frames/train\NonFight\vwQvNOlX_0,NonFight,vwQvNOlX_0
frames/train\NonFight\VXLdrn0b_0,NonFight,VXLdrn0b_0
frames/train\NonFight\vXvv1gqd_0,NonFight,vXvv1gqd_0
frames/train\NonFight\VYWWsld6ibI_0,NonFight,VYWWsld6ibI_0
frames/train\NonFight\Wby1vUy8aYI_0,NonFight,Wby1vUy8aYI_0
frames/train\NonFight\WCbsjDUV_0,NonFight,WCbsjDUV_0
frames/train\NonFight\WCHYnPMG_0,NonFight,WCHYnPMG_0
frames/train\NonFight\WfjOB1Vq_0,NonFight,WfjOB1Vq_0
frames/train\NonFight\wgdTpJTo_0,NonFight,wgdTpJTo_0
frames/train\NonFight\WHNtrI7MEUg_0,NonFight,WHNtrI7MEUg_0
frames/train\NonFight\WHNtrI7MEUg_1,NonFight,WHNtrI7MEUg_1
frames/train\NonFight\wk5WCCti_0,NonFight,wk5WCCti_0
frames/train\NonFight\wKMXI2vp_0,NonFight,wKMXI2vp_0
frames/train\NonFight\wMgaVgMG_0,NonFight,wMgaVgMG_0
frames/train\NonFight\wNTaSOXj_0,NonFight,wNTaSOXj_0
frames/train\NonFight\WPK4WLlc_0,NonFight,WPK4WLlc_0
frames/train\NonFight\WW8zIoiZ_0,NonFight,WW8zIoiZ_0
frames/train\NonFight\ww9L6ULb_0,NonFight,ww9L6ULb_0
frames/train\NonFight\wXHEbfck_0,NonFight,wXHEbfck_0
frames/train\NonFight\WXwfibYX_0,NonFight,WXwfibYX_0
frames/train\NonFight\wY7Om5cW_0,NonFight,wY7Om5cW_0
frames/train\NonFight\X0fP5VQMrbg_0,NonFight,X0fP5VQMrbg_0
frames/train\NonFight\X0fP5VQMrbg_1,NonFight,X0fP5VQMrbg_1
frames/train\NonFight\X14e9Fwxa8w_0,NonFight,X14e9Fwxa8w_0
frames/train\NonFight\X3mPJLe9_0,NonFight,X3mPJLe9_0
frames/train\NonFight\x7iljhbM_0,NonFight,x7iljhbM_0
frames/train\NonFight\Xhh2ONc7_0,NonFight,Xhh2ONc7_0
frames/train\NonFight\XJfaYlr0_0,NonFight,XJfaYlr0_0
frames/train\NonFight\xKq3hlefCUI_0,NonFight,xKq3hlefCUI_0
frames/train\NonFight\Xmmy8LvV_0,NonFight,Xmmy8LvV_0
frames/train\NonFight\XPG8GqrH_0,NonFight,XPG8GqrH_0
frames/train\NonFight\XpQkd2Ug_0,NonFight,XpQkd2Ug_0
frames/train\NonFight\XQR0CvyY_0,NonFight,XQR0CvyY_0
frames/train\NonFight\XQR0CvyY_1,NonFight,XQR0CvyY_1
frames/train\NonFight\xQSbcaZp_0,NonFight,xQSbcaZp_0
frames/train\NonFight\Xr0T6ylW_0,NonFight,Xr0T6ylW_0
frames/train\NonFight\xR1o8M5o_0,NonFight,xR1o8M5o_0
frames/train\NonFight\xtA4owfr_0,NonFight,xtA4owfr_0
frames/train\NonFight\xTCvMktQ_0,NonFight,xTCvMktQ_0
frames/train\NonFight\XVfkS6rM_0,NonFight,XVfkS6rM_0
frames/train\NonFight\xW8Esfp9_0,NonFight,xW8Esfp9_0
frames/train\NonFight\xWBtjX00_0,NonFight,xWBtjX00_0
frames/train\NonFight\XwiwESMn_0,NonFight,XwiwESMn_0
frames/train\NonFight\xxIkl4Ue_0,NonFight,xxIkl4Ue_0
frames/train\NonFight\xYWhwcqL_0,NonFight,xYWhwcqL_0
frames/train\NonFight\Y-TiUAODEYw_0,NonFight,Y-TiUAODEYw_0
frames/train\NonFight\Y-TiUAODEYw_1,NonFight,Y-TiUAODEYw_1
frames/train\NonFight\Y-TiUAODEYw_2,NonFight,Y-TiUAODEYw_2
frames/train\NonFight\Y1y9Gxs6_0,NonFight,Y1y9Gxs6_0
frames/train\NonFight\Y4KiQpCP_0,NonFight,Y4KiQpCP_0
frames/train\NonFight\y4njAG00_0,NonFight,y4njAG00_0
frames/train\NonFight\YC51sSdT_0,NonFight,YC51sSdT_0
frames/train\NonFight\ycOdxOJt_0,NonFight,ycOdxOJt_0
frames/train\NonFight\yDKfgkb2_0,NonFight,yDKfgkb2_0
frames/train\NonFight\YJvuxdWs_0,NonFight,YJvuxdWs_0
frames/train\NonFight\ykI6keNQ_0,NonFight,ykI6keNQ_0
frames/train\NonFight\yKxTC4lT_0,NonFight,yKxTC4lT_0
frames/train\NonFight\yldWawWf_0,NonFight,yldWawWf_0
frames/train\NonFight\ypdSZICv_0,NonFight,ypdSZICv_0
frames/train\NonFight\YQkE7oOf_0,NonFight,YQkE7oOf_0
frames/train\NonFight\yQWmI4e8_0,NonFight,yQWmI4e8_0
frames/train\NonFight\ytjGIK9m_0,NonFight,ytjGIK9m_0
frames/train\NonFight\yvNawsRf_0,NonFight,yvNawsRf_0
frames/train\NonFight\Yw7Ip3VS_0,NonFight,Yw7Ip3VS_0
frames/train\NonFight\yWnLtCrM_0,NonFight,yWnLtCrM_0
frames/train\NonFight\Yxz9WncB_0,NonFight,Yxz9WncB_0
frames/train\NonFight\zbg2jsE4_0,NonFight,zbg2jsE4_0
frames/train\NonFight\zHRkgmIT_0,NonFight,zHRkgmIT_0
frames/train\NonFight\ZIj9BzT4_0,NonFight,ZIj9BzT4_0
frames/train\NonFight\ZPhVyVZt_0,NonFight,ZPhVyVZt_0
frames/train\NonFight\zWrAqXFn_0,NonFight,zWrAqXFn_0
frames/train\NonFight\Zy04T0RF_0,NonFight,Zy04T0RF_0
frames/train\NonFight\zZHTBiER_0,NonFight,zZHTBiER_0
frames/train\NonFight\_fPfNbHM16M_0,NonFight,_fPfNbHM16M_0
frames/train\NonFight\_fPfNbHM16M_1,NonFight,_fPfNbHM16M_1
frames/train\NonFight\_q5Nwh4Z6ao_0,NonFight,_q5Nwh4Z6ao_0
frames/train\NonFight\_q5Nwh4Z6ao_1,NonFight,_q5Nwh4Z6ao_1
frames/train\NonFight\_q5Nwh4Z6ao_2,NonFight,_q5Nwh4Z6ao_2
frames/train\NonFight\_q5Nwh4Z6ao_3,NonFight,_q5Nwh4Z6ao_3
frames/train\NonFight\_q5Nwh4Z6ao_4,NonFight,_q5Nwh4Z6ao_4
frames/train\NonFight\_q5Nwh4Z6ao_5,NonFight,_q5Nwh4Z6ao_5
frames/train\NonFight\_q5Nwh4Z6ao_6,NonFight,_q5Nwh4Z6ao_6
frames/train\NonFight\_q5Nwh4Z6ao_7,NonFight,_q5Nwh4Z6ao_7
frames/train\NonFight\_wVuRdfDHbE_0,NonFight,_wVuRdfDHbE_0
